"time_period","time_identifier","geographic_level","country_code","country_name","total_NEET_NET","health_condition_grouping","health_condition","population","sample_size","conf_interval_number","lower_bound_population","upper_bound_population","percent_of_population","conf_interval_percent_of_population","lower_bound_percent_of_population","upper_bound_percent_of_population","percent_of_NEET"
2021,"Calendar year","National","E92000001","England","Total","A - Total","Total",5712331,11029,"z","z","z","z","z","z","z","z"
2021,"Calendar year","National","E92000001","England","Total","B - Headlines","No health condition",4313138,8425,"45848.3268730872","4267289.67312691","4358986.32687309","75.5057436272513","0.802620276610148","74.7031233506411","76.3083639038614","53.2610924044152"
2021,"Calendar year","National","E92000001","England","Total","B - Headlines","Any health condition",1399193,2604,"45848.3268730872","1353344.67312691","1445041.32687309","24.4942563727487","0.802620276610148","23.6916360961386","25.2968766493589","46.7389075955848"
2021,"Calendar year","National","E92000001","England","Total","C - Type of health condition - mental or other","Mental health condition",472239,859,"29358.805666272","442880.194333728","501597.805666272","8.26701043759544","0.513954910285695","7.75305552730974","8.78096534788114","21.3067290749626"
2021,"Calendar year","National","E92000001","England","Total","C - Type of health condition - mental or other","Non-mental health condition",926954,1745,"39307.4773984496","887646.52260155","966261.47739845","16.2272459351533","0.688116241836295","15.539129693317","16.9153621769896","25.4321785206222"
2021,"Calendar year","National","E92000001","England","Total","D - All health conditions","Problems or disabilities connected with arms/legs/hands/feet/back or neck",99509,174,"13947.9319146056","85561.0680853944","113456.931914606","1.74200339581162","0.244172333756668","1.49783106205495","1.98617572956829","2.861785458007"
2021,"Calendar year","National","E92000001","England","Total","D - All health conditions","Difficulty in seeing or hearing",33140,55,"8096.6896429295","25043.3103570705","41236.6896429295","0.580148454282499","0.141740554651499","0.438407899631","0.721889008933997","0.34608284557734"
2021,"Calendar year","National","E92000001","England","Total","D - All health conditions","Blood or circulatory problems or stomach/liver/kidney/digestive problems or diabetes",144602,265,"16746.119929878","127855.880070122","161348.119929878","2.53140092897278","0.293157380583828","2.23824354838895","2.82455830955661","3.30840374868512"
2021,"Calendar year","National","E92000001","England","Total","D - All health conditions","Depression, mental problems and nervous disorders",472239,859,"29358.805666272","442880.194333728","501597.805666272","8.26701043759544","0.513954910285695","7.75305552730974","8.78096534788114","21.3067290749626"
2021,"Calendar year","National","E92000001","England","Total","D - All health conditions","Skin conditions, epilepsy, other progressive illnesses & other health problems",465652,885,"29171.6494708283","436480.350529172","494823.649470828","8.15169849226174","0.510678556106575","7.64101993615517","8.66237704836831","11.3108865083098"
2021,"Calendar year","National","E92000001","England","Total","D - All health conditions","Learning difficulties, Autism",184051,366,"18825.7422967912","165225.257703209","202876.742296791","3.22199466382463","0.32956322553422","2.89243143829041","3.55155788935885","7.60501996004288"
2021,"Calendar year","National","E92000001","England","NET","A - Total","Total",2449850.00439213,4335,"52763.2751776213","2397086.72921451","2502613.27956975","42.8870456630075","0.923673281146021","41.9633723818615","43.8107189441535","z"
2021,"Calendar year","National","E92000001","England","NEET","A - Total","Total",647532.81725407,1121,"33798.6977269247","613734.119527145","681331.514980994","11.3357019621949","0.591679609023439","10.7440223531715","11.9273815712184","z"
2021,"Calendar year","National","E92000001","England","NEET","B - Headlines","No health condition",344883.052146603,613,"25392.6396953105","319490.412451293","370275.691841914","6.03751869677375","0.444523254960374","5.59299544181338","6.48204195173413","z"
2021,"Calendar year","National","E92000001","England","NEET","B - Headlines","Any health condition",302649.765107466,508,"23880.5327447533","278769.232362713","326530.29785222","5.29818326542118","0.418052328283381","4.8801309371378","5.71623559370456","z"
2021,"Calendar year","National","E92000001","England","NEET","C - Type of health condition - mental or other","Mental health condition",137968.063043797,216,"16367.2195212982","121600.843522499","154335.282565096","2.4152673058301","0.286524354441264","2.12874295138883","2.70179166027136","z"
2021,"Calendar year","National","E92000001","England","NEET","C - Type of health condition - mental or other","Non-mental health condition",164681.702063669,292,"17838.7810826283","146842.920981041","182520.483146297","2.88291595959109","0.312285494006357","2.57063046558473","3.19520145359744","z"
2021,"Calendar year","National","E92000001","England","NEET","D - All health conditions","Problems or disabilities connected with arms/legs/hands/feet/back or neck",18531,30,"6062.31550747901","12468.684492521","24593.315507479","0.324403470317109","0.106126824714447","0.218276645602662","0.430530295031556","z"
2021,"Calendar year","National","E92000001","England","NEET","D - All health conditions","Difficulty in seeing or hearing",2241,5,"2111.20501086604","129.794989133958","4352.20501086604","0.0392309199169306","0.0369587303478395","0.00227218956909112","0.0761896502647701","z"
2021,"Calendar year","National","E92000001","England","NEET","D - All health conditions","Blood or circulatory problems or stomach/liver/kidney/digestive problems or diabetes",21423,30,"6516.56796755705","14906.432032443","27939.567967557","0.37503078865703","0.114078962993514","0.260951825663516","0.489109751650544","z"
2021,"Calendar year","National","E92000001","England","NEET","D - All health conditions","Depression, mental problems and nervous disorders",137968.063043797,216,"16367.2195212982","121600.843522499","154335.282565096","2.4152673058301","0.286524354441264","2.12874295138883","2.70179166027136","z"
2021,"Calendar year","National","E92000001","England","NEET","D - All health conditions","Skin conditions, epilepsy, other progressive illnesses & other health problems",73241.7020636691,130,"11994.2115113536","61247.4905523155","85235.9135750227","1.28216838386412","0.209970527116752","1.07219785674737","1.49213891098087","z"
2021,"Calendar year","National","E92000001","England","NEET","D - All health conditions","Learning difficulties, Autism",49245,97,"9855.88556517912","39389.1144348209","59100.8855651791","0.862082396835898","0.172537017991064","0.689545378844834","1.03461941482696","z"
2020,"Calendar year","National","E92000001","England","Total","A - Total","Total",5691287,12318,"z","z","z","z","z","z","z","z"
2020,"Calendar year","National","E92000001","England","Total","B - Headlines","No health condition",4372266,9502,"42409.6915992806","4329856.30840072","4414675.69159928","76.8238537258796","0.745168739500936","76.0786849863786","77.5690224653805","54.8523386390912"
2020,"Calendar year","National","E92000001","England","Total","B - Headlines","Any health condition",1319021,2816,"42409.6915992806","1276611.30840072","1361430.69159928","23.1761462741204","0.745168739500936","22.4309775346195","23.9213150136214","45.1476613609088"
2020,"Calendar year","National","E92000001","England","Total","C - Type of health condition - mental or other","Mental health condition",451823,948,"27171.4971841548","424651.502815845","478994.497184155","7.93885460353695","0.47742271974959","7.46143188378736","8.41627732328654","20.8495765914854"
2020,"Calendar year","National","E92000001","England","Total","C - Type of health condition - mental or other","Non-mental health condition",867198,1868,"36120.4174630392","831077.582536961","903318.417463039","15.2372916705835","0.634661676050412","14.6026299945331","15.8719533466339","24.2980847694234"
2020,"Calendar year","National","E92000001","England","Total","D - All health conditions","Problems or disabilities connected with arms/legs/hands/feet/back or neck",106314,220,"13607.919757729","92706.080242271","119921.919757729","1.86801333336379","0.239100923178342","1.62891241018545","2.10711425654213","2.49734303479372"
2020,"Calendar year","National","E92000001","England","Total","D - All health conditions","Difficulty in seeing or hearing",30858,66,"7380.64866560537","23477.3513343946","38238.6486656054","0.542197221823465","0.129683297742767","0.412513924080698","0.671880519566231","0.751554860214035"
2020,"Calendar year","National","E92000001","England","Total","D - All health conditions","Blood or circulatory problems or stomach/liver/kidney/digestive problems or diabetes",121926,260,"14552.4735716143","107373.526428386","136478.473571614","2.1423273857038","0.255697412054853","1.88662997364894","2.39802479775865","3.12259513756069"
2020,"Calendar year","National","E92000001","England","Total","D - All health conditions","Depression, mental problems and nervous disorders",451823,948,"27171.4971841548","424651.502815845","478994.497184155","7.93885460353695","0.47742271974959","7.46143188378736","8.41627732328654","20.8495765914854"
2020,"Calendar year","National","E92000001","England","Total","D - All health conditions","Skin conditions, epilepsy, other progressive illnesses & other health problems",478207,1022,"27883.104785075","450323.895214925","506090.104785075","8.40244043219047","0.489926176365293","7.91251425582518","8.89236660855576","12.3871391185206"
2020,"Calendar year","National","E92000001","England","Total","D - All health conditions","Learning difficulties, Autism",129893,300,"15009.6538644606","114883.346135539","144902.653864461","2.28231329750195","0.263730398141239","2.01858289936071","2.54604369564319","5.53945261833434"
2020,"Calendar year","National","E92000001","England","NET","A - Total","Total",2533982.26417334,5093,"49951.2093713311","2484031.05480201","2583933.47354467","44.5238882553865","0.87767862297809","43.6462096324084","45.4015668783646","z"
2020,"Calendar year","National","E92000001","England","NEET","A - Total","Total",654775.886699548,1384,"32069.8706641256","622706.016035423","686845.757363674","11.5048825810322","0.563490659742263","10.9413919212899","12.0683732407744","z"
2020,"Calendar year","National","E92000001","England","NEET","B - Headlines","No health condition",359159.886699548,770,"24438.8143043494","334721.072395199","383598.701003898","6.31069715337758","0.429407518973289","5.88128963440429","6.74010467235087","z"
2020,"Calendar year","National","E92000001","England","NEET","B - Headlines","Any health condition",295616,614,"22303.4819986142","273312.518001386","317919.481998614","5.19418542765459","0.391888196792996","4.80229723086159","5.58607362444758","z"
2020,"Calendar year","National","E92000001","England","NEET","C - Type of health condition - mental or other","Mental health condition",136518,281,"15378.4983946901","121139.50160531","151896.49839469","2.39871930549276","0.270211261436826","2.12850804405594","2.66893056692959","z"
2020,"Calendar year","National","E92000001","England","NEET","C - Type of health condition - mental or other","Non-mental health condition",159098,333,"16567.8760193516","142530.123980648","175665.876019352","2.79546612216182","0.291109480498024","2.5043566416638","3.08657560265985","z"
2020,"Calendar year","National","E92000001","England","NEET","D - All health conditions","Problems or disabilities connected with arms/legs/hands/feet/back or neck",16352,36,"5379.62318307077","10972.3768169292","21731.6231830708","0.287316383798603","0.0945238429035606","0.192792540895042","0.381840226702164","z"
2020,"Calendar year","National","E92000001","England","NEET","D - All health conditions","Difficulty in seeing or hearing",4921,11,"2954.13309940821","1966.86690059179","7875.13309940821","0.0864655041996652","0.0519062401774538","0.0345592640222114","0.138371744377119","z"
2020,"Calendar year","National","E92000001","England","NEET","D - All health conditions","Blood or circulatory problems or stomach/liver/kidney/digestive problems or diabetes",20446,42,"6013.31403921671","14432.6859607833","26459.3140392167","0.359250904057378","0.105658246354765","0.253592657702613","0.464909150412142","z"
2020,"Calendar year","National","E92000001","England","NEET","D - All health conditions","Depression, mental problems and nervous disorders",136518,281,"15378.4983946901","121139.50160531","151896.49839469","2.39871930549276","0.270211261436826","2.12850804405594","2.66893056692959","z"
2020,"Calendar year","National","E92000001","England","NEET","D - All health conditions","Skin conditions, epilepsy, other progressive illnesses & other health problems",81108,165,"11912.5895078804","69195.4104921196","93020.5895078804","1.4251258107349","0.20931275312386","1.21581305761104","1.63443856385876","z"
2020,"Calendar year","National","E92000001","England","NEET","D - All health conditions","Learning difficulties, Autism",36271,79,"7998.02311904994","28272.9768809501","44269.0231190499","0.637307519371278","0.140531010280275","0.496776509091003","0.777838529651552","z"
2019,"Calendar year","National","E92000001","England","Total","A - Total","Total",5778592,16424,"z","z","z","z","z","z","z","z"
2019,"Calendar year","National","E92000001","England","Total","B - Headlines","No health condition",4494677,12764,"36739.56275","4457937.437","4531416.563","77.78152533","0.635787451","77.14573788","78.41731278","60.68183091"
2019,"Calendar year","National","E92000001","England","Total","B - Headlines","Any health condition",1283915,3660,"36739.56275","1247175.437","1320654.563","22.21847467","0.635787451","21.58268722","22.85426212","39.31816909"
2019,"Calendar year","National","E92000001","England","Total","C - Type of health condition - mental or other","Mental health condition",427325,1236,"23127.25368","404197.7463","450452.2537","7.394967494","0.40022299","6.994744504","7.795190484","18.33255895"
2019,"Calendar year","National","E92000001","England","Total","C - Type of health condition - mental or other","Non-mental health condition",856590,2424,"67971.69785","788618.3021","924561.6979","14.82350718","1.176267469","13.64723971","15.99977465","20.98561015"
2019,"Calendar year","National","E92000001","England","Total","D - All health conditions","Problems or disabilities connected with arms/legs/hands/feet/back or neck",111588,317,"12161.91908","99426.08092","123749.9191","1.931058639","0.210465094","1.720593545","2.141523733","2.34259321"
2019,"Calendar year","National","E92000001","England","Total","D - All health conditions","Difficulty in seeing or hearing",33938,95,"6752.920921","27185.07908","40690.92092","0.587305697","0.116861009","0.470444688","0.704166706","0.908366952"
2019,"Calendar year","National","E92000001","England","Total","D - All health conditions","Blood or circulatory problems or stomach/liver/kidney/digestive problems or diabetes",128541,366,"13033.57707","115507.4229","141574.5771","2.224434603","0.225549356","1.998885246","2.449983959","2.426049423"
2019,"Calendar year","National","E92000001","England","Total","D - All health conditions","Depression, mental problems and nervous disorders",427325,1236,"23127.25368","404197.7463","450452.2537","7.394967494","0.40022299","6.994744504","7.795190484","18.33255895"
2019,"Calendar year","National","E92000001","England","Total","D - All health conditions","Skin conditions, epilepsy, other progressive illnesses & other health problems",481027,1347,"24414.03019","456612.9698","505441.0302","8.324294223","0.422490984","7.901803239","8.746785206","10.14120736"
2019,"Calendar year","National","E92000001","England","Total","D - All health conditions","Learning difficulties, Autism",101496,299,"11609.25059","89886.74941","113105.2506","1.756414019","0.200901026","1.555512994","1.957315045","5.167393201"
2019,"Calendar year","National","E92000001","England","NET","A - Total","Total",2679996.174,7178,"44072.34469","2635923.829","2724068.519","46.37801343","0.762683101","45.61533033","47.14069654","z"
2019,"Calendar year","National","E92000001","England","NEET","A - Total","Total",704561.0793,2027,"28916.94988","675644.1294","733478.0291","12.19260815","0.500415151","11.692193","12.6930233","z"
2019,"Calendar year","National","E92000001","England","NEET","B - Headlines","No health condition",427540.5628,1215,"23132.62024","404407.9425","450673.183","7.398697862","0.40031586","6.998382002","7.799013722","z"
2019,"Calendar year","National","E92000001","England","NEET","B - Headlines","Any health condition",277020.5165,812,"18880.60692","258139.9096","295901.1234","4.79391029","0.326733691","4.467176599","5.120643981","z"
2019,"Calendar year","National","E92000001","England","NEET","C - Type of health condition - mental or other","Mental health condition",129164.0752,387,"13064.40721","116099.668","142228.4824","2.235217077","0.22608288","2.009134197","2.461299957","z"
2019,"Calendar year","National","E92000001","England","NEET","C - Type of health condition - mental or other","Non-mental health condition",147856.4413,425,"29214.52195","118641.9194","177070.9632","2.558693214","0.505564711","2.053128502","3.064257924","z"
2019,"Calendar year","National","E92000001","England","NEET","D - All health conditions","Problems or disabilities connected with arms/legs/hands/feet/back or neck",16505,53,"4716.439557","11788.56044","21221.43956","0.285623211","0.081619183","0.204004028","0.367242393","z"
2019,"Calendar year","National","E92000001","England","NEET","D - All health conditions","Difficulty in seeing or hearing",6400,19,"2939.523757","3460.476243","9339.523757","0.110753623","0.050869204","0.059884419","0.161622827","z"
2019,"Calendar year","National","E92000001","England","NEET","D - All health conditions","Blood or circulatory problems or stomach/liver/kidney/digestive problems or diabetes",17093,50,"4799.47236","12293.52764","21892.47236","0.2957987","0.083056086","0.212742613","0.378854786","z"
2019,"Calendar year","National","E92000001","England","NEET","D - All health conditions","Depression, mental problems and nervous disorders",129164.0752,387,"13064.40721","116099.668","142228.4824","2.235217077","0.22608288","2.009134197","2.461299957","z"
2019,"Calendar year","National","E92000001","England","NEET","D - All health conditions","Skin conditions, epilepsy, other progressive illnesses & other health problems",71451,205,"9766.299984","61684.70002","81217.29998","1.236477675","0.169008298","1.067469377","1.405485973","z"
2019,"Calendar year","National","E92000001","England","NEET","D - All health conditions","Learning difficulties, Autism",36407.4413,98,"6992.786289","29414.65502","43400.22759","0.630040005","0.12101194","0.509028065","0.751051945","z"
2018,"Calendar year","National","E92000001","England","Total","A - Total","Total",5840653,17489,"z","z","z","z","z","z","z","z"
2018,"Calendar year","National","E92000001","England","Total","B - Headlines","No health condition",4620274,13793,"35192.88021","4585081.12","4655466.88","79.10543564","0.602550438","78.5028852","79.70798608","60.20740512"
2018,"Calendar year","National","E92000001","England","Total","B - Headlines","Any health condition",1220379,3696,"35192.88021","1185186.12","1255571.88","20.89456436","0.602550438","20.29201392","21.4971148","39.79259488"
2018,"Calendar year","National","E92000001","England","Total","C - Type of health condition - mental or other","Mental health condition",387422,1165,"21542.32975","365879.6703","408964.3297","6.633196665","0.368834268","6.264362397","7.002030933","18.85900158"
2018,"Calendar year","National","E92000001","England","Total","C - Type of health condition - mental or other","Non-mental health condition",832957,2531,"65267.1518","767689.8482","898224.1519","14.26136769","1.117463267","13.14390443","15.37883096","20.9335933"
2018,"Calendar year","National","E92000001","England","Total","D - All health conditions","Problems or disabilities connected with arms/legs/hands/feet/back or neck",110870,334,"11812.71411","99057.28589","122682.7141","1.898246652","0.202249887","1.695996764","2.100496539","3.399427751"
2018,"Calendar year","National","E92000001","England","Total","D - All health conditions","Difficulty in seeing or hearing",31991,93,"6388.891951","25602.10805","38379.89195","0.547729851","0.109386604","0.438343248","0.657116455","0.751189721"
2018,"Calendar year","National","E92000001","England","Total","D - All health conditions","Blood or circulatory problems or stomach/liver/kidney/digestive problems or diabetes",133373,385,"12930.70287","120442.2971","146303.7029","2.283528914","0.22139139","2.062137524","2.504920304","2.381769183"
2018,"Calendar year","National","E92000001","England","Total","D - All health conditions","Depression, mental problems and nervous disorders",387422,1165,"21542.32975","365879.6703","408964.3297","6.633196665","0.368834268","6.264362397","7.002030933","18.85900158"
2018,"Calendar year","National","E92000001","England","Total","D - All health conditions","Skin conditions, epilepsy, other progressive illnesses & other health problems",466708,1433,"23471.6064","443236.3936","490179.6064","7.990681864","0.401866134","7.58881573","8.392547998","10.02467918"
2018,"Calendar year","National","E92000001","England","Total","D - All health conditions","Learning difficulties, Autism",90015,286,"10663.23647","79351.76353","100678.2365","1.541180413","0.182569252","1.358611161","1.723749664","4.376527463"
2018,"Calendar year","National","E92000001","England","NET","A - Total","Total",2683068.301,7547,"43138.68984","2639929.611","2726206.991","45.93781382","0.73859361","45.19922021","46.67640743","z"
2018,"Calendar year","National","E92000001","England","NEET","A - Total","Total",705148.0942,2078,"28203.65054","676944.4437","733351.7447","12.07310371","0.482885228","11.59021849","12.55598894","z"
2018,"Calendar year","National","E92000001","England","NEET","B - Headlines","No health condition",424551.3698,1252,"22474.08961","402077.2802","447025.4594","7.268902464","0.384787277","6.884115187","7.65368974","z"
2018,"Calendar year","National","E92000001","England","NEET","B - Headlines","Any health condition",280596.7244,826,"18512.04829","262084.6761","299108.7727","4.804201249","0.316951688","4.487249561","5.121152938","z"
2018,"Calendar year","National","E92000001","England","NEET","C - Type of health condition - mental or other","Mental health condition",132983.8902,405,"12912.26686","120071.6234","145896.1571","2.27686682","0.22107574","2.05579108","2.49794256","z"
2018,"Calendar year","National","E92000001","England","NEET","C - Type of health condition - mental or other","Non-mental health condition",147612.8342,421,"28516.06325","119096.7709","176128.8974","2.52733443","0.488234163","2.039100266","3.015568593","z"
2018,"Calendar year","National","E92000001","England","NEET","D - All health conditions","Problems or disabilities connected with arms/legs/hands/feet/back or neck",23971,65,"5534.193235","18436.80676","29505.19324","0.410416438","0.094752988","0.31566345","0.505169426","z"
2018,"Calendar year","National","E92000001","England","NEET","D - All health conditions","Difficulty in seeing or hearing",5297,13,"2605.687005","2691.312995","7902.687005","0.090691914","0.04461294","0.046078974","0.135304854","z"
2018,"Calendar year","National","E92000001","England","NEET","D - All health conditions","Blood or circulatory problems or stomach/liver/kidney/digestive problems or diabetes",16795,53,"4635.205308","12159.79469","21430.20531","0.287553464","0.07936108","0.208192383","0.366914544","z"
2018,"Calendar year","National","E92000001","England","NEET","D - All health conditions","Depression, mental problems and nervous disorders",132983.8902,405,"12912.26686","120071.6234","145896.1571","2.27686682","0.22107574","2.05579108","2.49794256","z"
2018,"Calendar year","National","E92000001","England","NEET","D - All health conditions","Skin conditions, epilepsy, other progressive illnesses & other health problems",70688.83417,203,"9465.325428","61223.50874","80154.1596","1.210289914","0.16205937","1.048230544","1.372349284","z"
2018,"Calendar year","National","E92000001","England","NEET","D - All health conditions","Learning difficulties, Autism",30861,87,"6275.652274","24585.34773","37136.65227","0.5283827","0.107447785","0.420934915","0.635830485","z"
2017,"Calendar year","National","E92000001","England","Total","A - Total","Total",5917606,18197,"z","z","z","z","z","z","z","z"
2017,"Calendar year","National","E92000001","England","Total","B - Headlines","No health condition",4719783,14541,"34547.25245","4685235.748","4754330.252","79.75831781","0.583804539","79.17451327","80.34212235","62.88569986"
2017,"Calendar year","National","E92000001","England","Total","B - Headlines","Any health condition",1197823,3656,"34547.25245","1163275.748","1232370.252","20.24168219","0.583804539","19.65787765","20.82548673","37.11430014"
2017,"Calendar year","National","E92000001","England","Total","C - Type of health condition - mental or other","Mental health condition",338152,1032,"19957.58579","318194.4142","358109.5858","5.714337859","0.337257766","5.377080093","6.051595625","17.24796967"
2017,"Calendar year","National","E92000001","England","Total","C - Type of health condition - mental or other","Non-mental health condition",859671,2624,"65336.67082","794334.3292","925007.6708","14.52734433","1.104106472","13.42323786","15.63145081","19.86633046"
2017,"Calendar year","National","E92000001","England","Total","D - All health conditions","Problems or disabilities connected with arms/legs/hands/feet/back or neck",129178,381,"12564.08222","116613.9178","141742.0822","2.182943575","0.212316978","1.970626598","2.395260553","3.183341456"
2017,"Calendar year","National","E92000001","England","Total","D - All health conditions","Difficulty in seeing or hearing",26507,88,"5741.622345","20765.37765","32248.62235","0.447934519","0.097026101","0.350908419","0.54496062","0.442214453"
2017,"Calendar year","National","E92000001","England","Total","D - All health conditions","Blood or circulatory problems or stomach/liver/kidney/digestive problems or diabetes",139081,402,"13025.6251","126055.3749","152106.6251","2.350291655","0.220116464","2.130175191","2.570408119","2.903309394"
2017,"Calendar year","National","E92000001","England","Total","D - All health conditions","Depression, mental problems and nervous disorders",338152,1032,"19957.58579","318194.4142","358109.5858","5.714337859","0.337257766","5.377080093","6.051595625","17.24796967"
2017,"Calendar year","National","E92000001","England","Total","D - All health conditions","Skin conditions, epilepsy, other progressive illnesses & other health problems",471334,1457,"23279.31634","448054.6837","494613.3163","7.964943932","0.393390779","7.571553153","8.358334711","8.806532074"
2017,"Calendar year","National","E92000001","England","Total","D - All health conditions","Learning difficulties, Autism",93571,296,"10726.02481","82844.97519","104297.0248","1.581230653","0.18125615","1.399974503","1.762486803","4.530933087"
2017,"Calendar year","National","E92000001","England","NET","A - Total","Total",2687071.846,7756,"42808.79286","2644263.053","2729880.639","45.40808979","0.723414044","44.68467575","46.13150384","z"
2017,"Calendar year","National","E92000001","England","NEET","A - Total","Total",698134.3443,2159,"27735.68825","670398.6561","725870.0326","11.79758072","0.468697785","11.32888293","12.2662785","z"
2017,"Calendar year","National","E92000001","England","NEET","B - Headlines","No health condition",439026.6684,1361,"22533.86054","416492.8079","461560.529","7.4189912","0.380793526","7.038197674","7.799784726","z"
2017,"Calendar year","National","E92000001","England","NEET","B - Headlines","Any health condition",259107.6759,798,"17593.28383","241514.3921","276700.9598","4.378589516","0.297304076","4.081285441","4.675893592","z"
2017,"Calendar year","National","E92000001","England","NEET","C - Type of health condition - mental or other","Mental health condition",120414,376,"12139.5757","108274.4243","132553.5757","2.034843144","0.205143359","1.829699786","2.239986503","z"
2017,"Calendar year","National","E92000001","England","NEET","C - Type of health condition - mental or other","Non-mental health condition",138693.6759,422,"27233.80996","111459.866","165927.4859","2.343746372","0.460216682","1.88352969","2.803963053","z"
2017,"Calendar year","National","E92000001","England","NEET","D - All health conditions","Problems or disabilities connected with arms/legs/hands/feet/back or neck",22224,65,"5259.243315","16964.75669","27483.24331","0.375557278","0.08887451","0.286682768","0.464431787","z"
2017,"Calendar year","National","E92000001","England","NEET","D - All health conditions","Difficulty in seeing or hearing",3087.250975,10,"1963.368633","1123.882341","5050.619608","0.052170607","0.033178428","0.018992179","0.085349035","z"
2017,"Calendar year","National","E92000001","England","NEET","D - All health conditions","Blood or circulatory problems or stomach/liver/kidney/digestive problems or diabetes",20269,65,"5023.42946","15245.57054","25292.42946","0.342520269","0.084889556","0.257630713","0.427409825","z"
2017,"Calendar year","National","E92000001","England","NEET","D - All health conditions","Depression, mental problems and nervous disorders",120414,376,"12139.5757","108274.4243","132553.5757","2.034843144","0.205143359","1.829699786","2.239986503","z"
2017,"Calendar year","National","E92000001","England","NEET","D - All health conditions","Skin conditions, epilepsy, other progressive illnesses & other health problems",61481.42496,190,"8718.329717","52763.09524","70199.75467","1.03895773","0.147328662","0.891629068","1.186286391","z"
2017,"Calendar year","National","E92000001","England","NEET","D - All health conditions","Learning difficulties, Autism",31632,92,"6269.438831","25362.56117","37901.43883","0.534540488","0.105945526","0.428594962","0.640486015","z"
2016,"Calendar year","National","E92000001","England","Total","A - Total","Total",6002313,18985,"z","z","z","z","z","z","z","z"
2016,"Calendar year","National","E92000001","England","Total","B - Headlines","No health condition",4821818,15269,"33938.15693","4787879.843","4855756.157","80.33266509","0.56541798","79.76724711","80.89808307","63.37710434"
2016,"Calendar year","National","E92000001","England","Total","B - Headlines","Any health condition",1180495,3716,"33938.15693","1146556.843","1214433.157","19.66733491","0.56541798","19.10191693","20.23275289","36.62289566"
2016,"Calendar year","National","E92000001","England","Total","C - Type of health condition - mental or other","Mental health condition",313329,1000,"18991.90036","294337.0996","332320.9004","5.220137637","0.316409697","4.90372794","5.536547334","15.81331152"
2016,"Calendar year","National","E92000001","England","Total","C - Type of health condition - mental or other","Non-mental health condition",867166,2716,"65429.13224","801736.8677","932595.1323","14.44719727","1.090065317","13.35713196","15.53726259","20.80958414"
2016,"Calendar year","National","E92000001","England","Total","D - All health conditions","Problems or disabilities connected with arms/legs/hands/feet/back or neck",137440,423,"12771.34538","124668.6546","150211.3454","2.289783955","0.212773732","2.077010223","2.502557687","3.195144824"
2016,"Calendar year","National","E92000001","England","Total","D - All health conditions","Difficulty in seeing or hearing",37690,111,"6744.586653","30945.41335","44434.58665","0.627924602","0.11236646","0.515558141","0.740291062","0.703969692"
2016,"Calendar year","National","E92000001","England","Total","D - All health conditions","Blood or circulatory problems or stomach/liver/kidney/digestive problems or diabetes",129611,410,"12410.54013","117200.4599","142021.5401","2.159350904","0.206762629","1.952588275","2.366113532","3.189698013"
2016,"Calendar year","National","E92000001","England","Total","D - All health conditions","Depression, mental problems and nervous disorders",313329,1000,"18991.90036","294337.0996","332320.9004","5.220137637","0.316409697","4.90372794","5.536547334","15.81331152"
2016,"Calendar year","National","E92000001","England","Total","D - All health conditions","Skin conditions, epilepsy, other progressive illnesses & other health problems",468455,1471,"22903.33447","445551.6655","491358.3345","7.80457467","0.381575144","7.422999526","8.186149814","10.27837889"
2016,"Calendar year","National","E92000001","England","Total","D - All health conditions","Learning difficulties, Autism",93970,301,"10599.32561","83370.67439","104569.3256","1.565563142","0.176587352","1.38897579","1.742150495","3.442392716"
2016,"Calendar year","National","E92000001","England","NET","A - Total","Total",2805589.087,8265,"42600.56581","2762988.521","2848189.653","46.74179915","0.709735827","46.03206332","47.45153498","z"
2016,"Calendar year","National","E92000001","England","NEET","A - Total","Total",786255.4402,2495,"28807.38189","757448.0583","815062.8221","13.09920759","0.479938015","12.61926958","13.57914561","z"
2016,"Calendar year","National","E92000001","England","NEET","B - Headlines","No health condition",498305.9307,1594,"23557.9931","474747.9377","521863.9238","8.301898464","0.392481916","7.909416547","8.69438038","z"
2016,"Calendar year","National","E92000001","England","NEET","B - Headlines","Any health condition",287949.5095,901,"18247.05888","269702.4506","306196.5683","4.797309129","0.304000456","4.493308673","5.101309584","z"
2016,"Calendar year","National","E92000001","England","NEET","C - Type of health condition - mental or other","Mental health condition",124333.0221,404,"12160.68578","112172.3363","136493.7079","2.071418503","0.202599994","1.868818509","2.274018497","z"
2016,"Calendar year","National","E92000001","England","NEET","C - Type of health condition - mental or other","Non-mental health condition",163616.4874,497,"29172.30355","134444.1838","192788.7909","2.725890624","0.486017699","2.239872925","3.211908323","z"
2016,"Calendar year","National","E92000001","England","NEET","D - All health conditions","Problems or disabilities connected with arms/legs/hands/feet/back or neck",25122,78,"5512.218739","19609.78126","30634.21874","0.418538653","0.09183491","0.326703743","0.510373563","z"
2016,"Calendar year","National","E92000001","England","NEET","D - All health conditions","Difficulty in seeing or hearing",5535,16,"2591.603567","2943.396433","8126.603567","0.092214451","0.043176748","0.049037703","0.135391199","z"
2016,"Calendar year","National","E92000001","England","NEET","D - All health conditions","Blood or circulatory problems or stomach/liver/kidney/digestive problems or diabetes",25079.17415,76,"5507.538085","19571.63607","30586.71224","0.417825164","0.091756929","0.326068235","0.509582093","z"
2016,"Calendar year","National","E92000001","England","NEET","D - All health conditions","Depression, mental problems and nervous disorders",124333.0221,404,"12160.68578","112172.3363","136493.7079","2.071418503","0.202599994","1.868818509","2.274018497","z"
2016,"Calendar year","National","E92000001","England","NEET","D - All health conditions","Skin conditions, epilepsy, other progressive illnesses & other health problems",80814.31321,250,"9840.354235","70973.95898","90654.66745","1.346386188","0.163942704","1.182443484","1.510328892","z"
2016,"Calendar year","National","E92000001","England","NEET","D - All health conditions","Learning difficulties, Autism",27066,77,"5720.58892","21345.41108","32786.58892","0.450926168","0.095306408","0.35561976","0.546232576","z"
2015,"Calendar year","National","E92000001","England","Total","A - Total","Total",6030939,20835,"z","z","z","z","z","z","z","z"
2015,"Calendar year","National","E92000001","England","Total","B - Headlines","No health condition",4909302,16947,"31863.63782","4877438.362","4941165.638","81.40195084","0.528336264","80.87361458","81.9302871","68.11076483"
2015,"Calendar year","National","E92000001","England","Total","B - Headlines","Any health condition",1121637,3888,"31863.63782","1089773.362","1153500.638","18.59804916","0.528336264","18.0697129","19.12638542","31.88923517"
2015,"Calendar year","National","E92000001","England","Total","C - Type of health condition - mental or other","Mental health condition",248322,877,"16271.55775","232050.4422","264593.5578","4.117468275","0.269801398","3.847666877","4.387269673","11.18488291"
2015,"Calendar year","National","E92000001","England","Total","C - Type of health condition - mental or other","Non-mental health condition",873315,3011,"62544.83578","810770.1642","935859.8359","14.48058088","1.037066297","13.44351459","15.51764718","20.70435225"
2015,"Calendar year","National","E92000001","England","Total","D - All health conditions","Problems or disabilities connected with arms/legs/hands/feet/back or neck",135069,434,"12117.44649","122951.5535","147186.4465","2.239601495","0.20092139","2.038680104","2.440522885","3.220840348"
2015,"Calendar year","National","E92000001","England","Total","D - All health conditions","Difficulty in seeing or hearing",28438,97,"5610.156345","22827.84365","34048.15635","0.471535195","0.093022933","0.378512262","0.564558128","0.540498108"
2015,"Calendar year","National","E92000001","England","Total","D - All health conditions","Blood or circulatory problems or stomach/liver/kidney/digestive problems or diabetes",138900,476,"12284.09731","126615.9027","151184.0973","2.303123941","0.203684655","2.099439286","2.506808597","3.391869123"
2015,"Calendar year","National","E92000001","England","Total","D - All health conditions","Depression, mental problems and nervous disorders",248322,877,"16271.55775","232050.4422","264593.5578","4.117468275","0.269801398","3.847666877","4.387269673","11.18488291"
2015,"Calendar year","National","E92000001","England","Total","D - All health conditions","Skin conditions, epilepsy, other progressive illnesses & other health problems",467387,1632,"21896.44996","445490.55","489283.45","7.749821379","0.363068669","7.38675271","8.112890049","9.220961729"
2015,"Calendar year","National","E92000001","England","Total","D - All health conditions","Learning difficulties, Autism",103521,372,"10636.68567","92884.31433","114157.6857","1.716498874","0.17636865","1.540130224","1.892867523","4.330182945"
2015,"Calendar year","National","E92000001","England","NET","A - Total","Total",2769187.169,8992,"40809.46785","2728377.701","2809996.636","45.91635181","0.676668556","45.23968325","46.59302036","z"
2015,"Calendar year","National","E92000001","England","NEET","A - Total","Total",790567.0599,2765,"27638.19857","762928.8614","818205.2585","13.10852356","0.458273555","12.65025001","13.56679712","z"
2015,"Calendar year","National","E92000001","England","NEET","B - Headlines","No health condition",538461.2711,1895,"23351.81854","515109.4525","561813.0896","8.928315658","0.387200377","8.541115281","9.315516035","z"
2015,"Calendar year","National","E92000001","England","NEET","B - Headlines","Any health condition",252105.7889,870,"16389.6926","235716.0963","268495.4815","4.180207906","0.271760212","3.908447694","4.451968118","z"
2015,"Calendar year","National","E92000001","England","NEET","C - Type of health condition - mental or other","Mental health condition",88424,324,"9843.046591","78580.95341","98267.04659","1.466173012","0.163209188","1.302963824","1.629382201","z"
2015,"Calendar year","National","E92000001","England","NEET","C - Type of health condition - mental or other","Non-mental health condition",163681.7889,546,"28038.58101","135643.2079","191720.3699","2.714034894","0.464912362","2.249122532","3.178947256","z"
2015,"Calendar year","National","E92000001","England","NEET","D - All health conditions","Problems or disabilities connected with arms/legs/hands/feet/back or neck",25462.90285,78,"5309.908004","20152.99484","30772.81085","0.422204616","0.088044465","0.334160151","0.510249081","z"
2015,"Calendar year","National","E92000001","England","NEET","D - All health conditions","Difficulty in seeing or hearing",4273,13,"2179.035607","2093.964393","6452.035607","0.070851322","0.036130951","0.034720371","0.106982273","z"
2015,"Calendar year","National","E92000001","England","NEET","D - All health conditions","Blood or circulatory problems or stomach/liver/kidney/digestive problems or diabetes",26815,86,"5448.450957","21366.54904","32263.45096","0.444623963","0.090341669","0.354282294","0.534965632","z"
2015,"Calendar year","National","E92000001","England","NEET","D - All health conditions","Depression, mental problems and nervous disorders",88424,324,"9843.046591","78580.95341","98267.04659","1.466173012","0.163209188","1.302963824","1.629382201","z"
2015,"Calendar year","National","E92000001","England","NEET","D - All health conditions","Skin conditions, epilepsy, other progressive illnesses & other health problems",72897.88604,256,"8948.876901","63949.00914","81846.76294","1.208731941","0.148382812","1.060349129","1.357114753","z"
2015,"Calendar year","National","E92000001","England","NEET","D - All health conditions","Learning difficulties, Autism",34233,113,"6152.309536","28080.69046","40385.30954","0.567623052","0.102012465","0.465610587","0.669635517","z"
2014,"Calendar year","National","E92000001","England","Total","A - Total","Total",5991126,21641,"z","z","z","z","z","z","z","z"
2014,"Calendar year","National","E92000001","England","Total","B - Headlines","No health condition",4934456,17820,"30423.32928","4904032.671","4964879.329","82.36274784","0.507806534","81.8549413","82.87055437","69.93977161"
2014,"Calendar year","National","E92000001","England","Total","B - Headlines","Any health condition",1056670,3821,"30423.32928","1026246.671","1087093.329","17.63725216","0.507806534","17.12944563","18.1450587","30.06022839"
2014,"Calendar year","National","E92000001","England","Total","C - Type of health condition - mental or other","Mental health condition",206578,741,"14564.4523","192013.5477","221142.4523","3.448066357","0.243100417","3.20496594","3.691166774","10.54293628"
2014,"Calendar year","National","E92000001","England","Total","C - Type of health condition - mental or other","Non-mental health condition",850092,3080,"60658.83448","789433.1655","910750.8346","14.18918581","1.012478029","13.17670778","15.20166384","19.51729211"
2014,"Calendar year","National","E92000001","England","Total","D - All health conditions","Problems or disabilities connected with arms/legs/hands/feet/back or neck",140330,477,"12072.58159","128257.4184","152402.5816","2.342297591","0.201507723","2.140789868","2.543805315","3.232294011"
2014,"Calendar year","National","E92000001","England","Total","D - All health conditions","Difficulty in seeing or hearing",35992,137,"6168.309661","29823.69034","42160.30966","0.600755184","0.102957435","0.497797749","0.703712619","1.016286439"
2014,"Calendar year","National","E92000001","England","Total","D - All health conditions","Blood or circulatory problems or stomach/liver/kidney/digestive problems or diabetes",123339,443,"11334.56326","112004.4367","134673.5633","2.05869481","0.189189198","1.869505611","2.247884008","2.608499584"
2014,"Calendar year","National","E92000001","England","Total","D - All health conditions","Depression, mental problems and nervous disorders",206578,741,"14564.4523","192013.5477","221142.4523","3.448066357","0.243100417","3.20496594","3.691166774","10.54293628"
2014,"Calendar year","National","E92000001","England","Total","D - All health conditions","Skin conditions, epilepsy, other progressive illnesses & other health problems",456847,1665,"21185.23678","435661.7632","478032.2368","7.625394625","0.353610269","7.271784356","7.979004895","9.042340458"
2014,"Calendar year","National","E92000001","England","Total","D - All health conditions","Learning difficulties, Autism",93584,358,"9898.143188","83685.85681","103482.1432","1.562043596","0.165213404","1.396830192","1.727257","3.617871615"
2014,"Calendar year","National","E92000001","England","NET","A - Total","Total",2704121.524,9302,"39721.95903","2664399.565","2743843.483","45.13544739","0.663013247","44.47243414","45.79846063","z"
2014,"Calendar year","National","E92000001","England","NEET","A - Total","Total",858616.1996,3162,"27969.31574","830646.8839","886585.5154","14.33146623","0.466845727","13.86462051","14.79831196","z"
2014,"Calendar year","National","E92000001","England","NEET","B - Headlines","No health condition",600514.2091,2225,"23971.65845","576542.5506","624485.8675","10.02339475","0.400119417","9.623275335","10.42351417","z"
2014,"Calendar year","National","E92000001","England","NEET","B - Headlines","Any health condition",258101.9906,937,"16207.0871","241894.9035","274309.0777","4.30807148","0.270518215","4.037553266","4.578589695","z"
2014,"Calendar year","National","E92000001","England","NEET","C - Type of health condition - mental or other","Mental health condition",90523.35879,330,"9737.465307","80785.89348","100260.8241","1.510957352","0.162531472","1.34842588","1.673488825","z"
2014,"Calendar year","National","E92000001","England","NEET","C - Type of health condition - mental or other","Non-mental health condition",167578.6318,607,"28096.33038","139482.3014","195674.9622","2.797114128","0.468965773","2.328148354","3.266079901","z"
2014,"Calendar year","National","E92000001","England","NEET","D - All health conditions","Problems or disabilities connected with arms/legs/hands/feet/back or neck",27753,99,"5420.238092","22332.76191","33173.23809","0.463235125","0.090471108","0.372764016","0.553706233","z"
2014,"Calendar year","National","E92000001","England","NEET","D - All health conditions","Difficulty in seeing or hearing",8726,30,"3044.126789","5681.873211","11770.12679","0.145648748","0.050810595","0.094838152","0.196459343","z"
2014,"Calendar year","National","E92000001","England","NEET","D - All health conditions","Blood or circulatory problems or stomach/liver/kidney/digestive problems or diabetes",22397,80,"4871.394083","17525.60592","27268.39408","0.373836237","0.081310159","0.292526078","0.455146396","z"
2014,"Calendar year","National","E92000001","England","NEET","D - All health conditions","Depression, mental problems and nervous disorders",90523.35879,330,"9737.465307","80785.89348","100260.8241","1.510957352","0.162531472","1.34842588","1.673488825","z"
2014,"Calendar year","National","E92000001","England","NEET","D - All health conditions","Skin conditions, epilepsy, other progressive illnesses & other health problems",77639,286,"9027.743236","68611.25676","86666.74324","1.295899969","0.150685251","1.145214719","1.44658522","z"
2014,"Calendar year","National","E92000001","England","NEET","D - All health conditions","Learning difficulties, Autism",31063.63177,112,"5732.828182","25330.80359","36796.45995","0.518494049","0.09568866","0.422805389","0.614182709","z"
2013,"Calendar year","National","E92000001","England","Total","A - Total","Total",5900761,20756,"z","z","z","z","z","z","z","z"
2013,"Calendar year","National","E92000001","England","Total","B - Headlines","No health condition",4810664,16968,"31154.39522","4779509.605","4841818.395","81.52616247","0.527972497","80.99818998","82.05413497","71.13456891"
2013,"Calendar year","National","E92000001","England","Total","B - Headlines","Any health condition",1090097,3788,"31154.39522","1058942.605","1121251.395","18.47383753","0.527972497","17.94586503","19.00181002","28.86543109"
2013,"Calendar year","National","E92000001","England","Total","C - Type of health condition - mental or other","Mental health condition",171436,589,"13483.0139","157952.9861","184919.0139","2.905320178","0.228496187","2.676823991","3.133816365","8.51183628"
2013,"Calendar year","National","E92000001","England","Total","C - Type of health condition - mental or other","Non-mental health condition",918661,3199,"64349.99889","854311.0011","983010.9989","15.56851735","1.090537286","14.47798006","16.65905464","20.35359481"
2013,"Calendar year","National","E92000001","England","Total","D - All health conditions","Problems or disabilities connected with arms/legs/hands/feet/back or neck",138920,474,"12171.58854","126748.4115","151091.5885","2.35427261","0.206271505","2.148001105","2.560544115","3.19305484"
2013,"Calendar year","National","E92000001","England","Total","D - All health conditions","Difficulty in seeing or hearing",40729,132,"6646.394382","34082.60562","47375.39438","0.690233006","0.112636224","0.577596781","0.80286923","0.754574795"
2013,"Calendar year","National","E92000001","England","Total","D - All health conditions","Blood or circulatory problems or stomach/liver/kidney/digestive problems or diabetes",144131,483,"12392.16247","131738.8375","156523.1625","2.442583253","0.210009564","2.232573689","2.652592818","2.948936862"
2013,"Calendar year","National","E92000001","England","Total","D - All health conditions","Depression, mental problems and nervous disorders",171436,589,"13483.0139","157952.9861","184919.0139","2.905320178","0.228496187","2.676823991","3.133816365","8.51183628"
2013,"Calendar year","National","E92000001","England","Total","D - All health conditions","Skin conditions, epilepsy, other progressive illnesses & other health problems",476026,1695,"21861.9472","454164.0528","497887.9472","8.067196756","0.370493691","7.696703066","8.437690447","9.977374831"
2013,"Calendar year","National","E92000001","England","Total","D - All health conditions","Learning difficulties, Autism",118855,415,"11277.9063","107577.0937","130132.9063","2.014231724","0.191126302","1.823105422","2.205358026","3.479653483"
2013,"Calendar year","National","E92000001","England","NET","A - Total","Total",2785651.528,9217,"40075.99287","2745575.535","2825727.521","47.20834361","0.679166515","46.52917709","47.88751012","z"
2013,"Calendar year","National","E92000001","England","NEET","A - Total","Total",963058.9371,3338,"29666.96464","933391.9724","992725.9017","16.32092771","0.502765061","15.81816265","16.82369277","z"
2013,"Calendar year","National","E92000001","England","NEET","B - Headlines","No health condition",685067.8232,2389,"25716.21469","659351.6085","710784.0379","11.60982157","0.435811833","11.17400973","12.0456334","z"
2013,"Calendar year","National","E92000001","England","NEET","B - Headlines","Any health condition",277991.1138,949,"17008.84613","260982.2677","294999.96","4.711106141","0.288248348","4.422857793","4.99935449","z"
2013,"Calendar year","National","E92000001","England","NEET","C - Type of health condition - mental or other","Mental health condition",81974,288,"9395.903203","72578.0968","91369.9032","1.389210646","0.159232058","1.229978587","1.548442704","z"
2013,"Calendar year","National","E92000001","England","NEET","C - Type of health condition - mental or other","Non-mental health condition",196017.1139,661,"30344.17418","165672.9397","226361.2881","3.321895494","0.514241709","2.807653788","3.836137203","z"
2013,"Calendar year","National","E92000001","England","NEET","D - All health conditions","Problems or disabilities connected with arms/legs/hands/feet/back or neck",30751,113,"5780.072456","24970.92754","36531.07246","0.521136172","0.097954695","0.423181477","0.619090867","z"
2013,"Calendar year","National","E92000001","England","NEET","D - All health conditions","Difficulty in seeing or hearing",7267,25,"2815.45275","4451.54725","10082.45275","0.123153607","0.047713384","0.075440223","0.170866991","z"
2013,"Calendar year","National","E92000001","England","NEET","D - All health conditions","Blood or circulatory problems or stomach/liver/kidney/digestive problems or diabetes",28400,86,"5555.840678","22844.15932","33955.84068","0.481293853","0.094154647","0.387139207","0.5754485","z"
2013,"Calendar year","National","E92000001","England","NEET","D - All health conditions","Depression, mental problems and nervous disorders",81974,288,"9395.903203","72578.0968","91369.9032","1.389210646","0.159232058","1.229978587","1.548442704","z"
2013,"Calendar year","National","E92000001","England","NEET","D - All health conditions","Skin conditions, epilepsy, other progressive illnesses & other health problems",96088,320,"10160.32727","85927.67273","106248.3273","1.628400133","0.172186728","1.456213406","1.800586861","z"
2013,"Calendar year","National","E92000001","England","NEET","D - All health conditions","Learning difficulties, Autism",33511.11385,117,"6032.481025","27478.63282","39543.59487","0.567911729","0.102232255","0.465679475","0.670143984","z"
2012,"Calendar year","National","E92000001","England","Total","A - Total","Total",6037692,22380,"z","z","z","z","z","z","z","z"
2012,"Calendar year","National","E92000001","England","Total","B - Headlines","No health condition",4872685,18138,"31215.79975","4841469.2","4903900.8","80.70443143","0.517015438","80.18741599","81.22144687","70.43753271"
2012,"Calendar year","National","E92000001","England","Total","B - Headlines","Any health condition",1165007,4242,"31215.79975","1133791.2","1196222.8","19.29556857","0.517015438","18.77855313","19.81258401","29.56246729"
2012,"Calendar year","National","E92000001","England","Total","C - Type of health condition - mental or other","Mental health condition",150283,527,"12323.75517","137959.2448","162606.7552","2.489080264","0.204113677","2.284966587","2.693193942","7.72232885"
2012,"Calendar year","National","E92000001","England","Total","C - Type of health condition - mental or other","Non-mental health condition",1014724,3715,"64908.04298","949815.9569","1079632.043","16.80648831","1.075047269","15.73144104","17.88153558","21.84013844"
2012,"Calendar year","National","E92000001","England","Total","D - All health conditions","Problems or disabilities connected with arms/legs/hands/feet/back or neck",144563,532,"12092.81977","132470.1802","156655.8198","2.394342076","0.200288782","2.194053294","2.594630858","3.154723111"
2012,"Calendar year","National","E92000001","England","Total","D - All health conditions","Difficulty in seeing or hearing",48133,185,"7034.689277","41098.31072","55167.68928","0.797208602","0.116512887","0.680695715","0.91372149","1.363086721"
2012,"Calendar year","National","E92000001","England","Total","D - All health conditions","Blood or circulatory problems or stomach/liver/kidney/digestive problems or diabetes",143805,522,"12061.85008","131743.1499","155866.8501","2.38178761","0.199775843","2.182011767","2.581563453","3.086025085"
2012,"Calendar year","National","E92000001","England","Total","D - All health conditions","Depression, mental problems and nervous disorders",150283,527,"12323.75517","137959.2448","162606.7552","2.489080264","0.204113677","2.284966587","2.693193942","7.72232885"
2012,"Calendar year","National","E92000001","England","Total","D - All health conditions","Skin conditions, epilepsy, other progressive illnesses & other health problems",566763,2088,"23070.51635","543692.4836","589833.5164","9.387080361","0.382108202","9.004972159","9.769188563","10.58888383"
2012,"Calendar year","National","E92000001","England","Total","D - All health conditions","Learning difficulties, Autism",111460,388,"10648.1675","100811.8325","122108.1675","1.846069657","0.176361555","1.669708102","2.022431212","3.647419695"
2012,"Calendar year","National","E92000001","England","NET","A - Total","Total",2795619.698,9944,"39443.58894","2756176.109","2835063.287","46.30278752","0.653289186","45.64949834","46.95607671","z"
2012,"Calendar year","National","E92000001","England","NEET","A - Total","Total",984016.6286,3723,"29216.68374","954799.9448","1013233.312","16.29789377","0.483904839","15.81398894","16.78179861","z"
2012,"Calendar year","National","E92000001","England","NEET","B - Headlines","No health condition",693117.0346,2676,"25216.56363","667900.471","718333.5982","11.47983426","0.417652368","11.06218189","11.89748663","z"
2012,"Calendar year","National","E92000001","England","NEET","B - Headlines","Any health condition",290899.594,1047,"16939.8805","273959.7135","307839.4745","4.818059516","0.280568808","4.537490708","5.098628325","z"
2012,"Calendar year","National","E92000001","England","NEET","C - Type of health condition - mental or other","Mental health condition",75989,270,"8818.33439","67170.66561","84807.33439","1.258576953","0.146054724","1.112522229","1.404631677","z"
2012,"Calendar year","National","E92000001","England","NEET","C - Type of health condition - mental or other","Non-mental health condition",214910.594,777,"31360.10796","183550.486","246270.7019","3.559482563","0.51940556","3.040077004","4.078888124","z"
2012,"Calendar year","National","E92000001","England","NEET","D - All health conditions","Problems or disabilities connected with arms/legs/hands/feet/back or neck",31043,115,"5657.492671","25385.50733","36700.49267","0.514153422","0.093702903","0.420450519","0.607856324","z"
2012,"Calendar year","National","E92000001","England","NEET","D - All health conditions","Difficulty in seeing or hearing",13413,47,"3724.273193","9688.726807","17137.27319","0.222154426","0.061683723","0.160470703","0.283838149","z"
2012,"Calendar year","National","E92000001","England","NEET","D - All health conditions","Blood or circulatory problems or stomach/liver/kidney/digestive problems or diabetes",30367,107,"5595.869","24771.131","35962.869","0.50295709","0.092682253","0.410274837","0.595639344","z"
2012,"Calendar year","National","E92000001","England","NEET","D - All health conditions","Depression, mental problems and nervous disorders",75989,270,"8818.33439","67170.66561","84807.33439","1.258576953","0.146054724","1.112522229","1.404631677","z"
2012,"Calendar year","National","E92000001","England","NEET","D - All health conditions","Skin conditions, epilepsy, other progressive illnesses & other health problems",104196.3777,390,"10301.67048","93894.70718","114498.0481","1.725765038","0.170622656","1.555142382","1.896387695","z"
2012,"Calendar year","National","E92000001","England","NEET","D - All health conditions","Learning difficulties, Autism",35891.21631,118,"6080.802616","29810.41369","41972.01892","0.594452587","0.100714025","0.493738563","0.695166612","z"
