"time_period","time_identifier","geographic_level","country_code","country_name","region_code","region_name","la_name","old_la_code","new_la_code","breakdown","group_name","total_ects_count_provider_led","total_mentors_trained_count_provider_led","count_swfc_ects","count_swfc_ects_pending_confirmation_provider_led","count_swfc_ects_provider_led","count_swfc_ects_school_led","percent_swfc_ects_pending_confirmation_provider_led","percent_swfc_ects_provider_led","percent_swfc_ects_school_led"
"202122","Academic year","Regional","E92000001","England","E12000004","East Midlands",,,,"Overall","Overall",2236,2349,2024,3,1972,49,"0.1","97.4","2.4"
"202223","Academic year","Regional","E92000001","England","E12000004","East Midlands",,,,"Overall","Overall",2123,1692,1716,0,1670,46,"0","97.3","2.7"
"202122","Academic year","Regional","E92000001","England","E12000006","East of England",,,,"Overall","Overall",2923,2968,2696,2,2614,80,"0.1","97","3"
"202223","Academic year","Regional","E92000001","England","E12000006","East of England",,,,"Overall","Overall",2787,2219,2401,0,2333,68,"0","97.2","2.8"
"202122","Academic year","Regional","E92000001","England","E12000007","London",,,,"Overall","Overall",4784,4912,4545,4,4211,330,"0.1","92.7","7.3"
"202223","Academic year","Regional","E92000001","England","E12000007","London",,,,"Overall","Overall",4804,3501,4050,0,3794,256,"0","93.7","6.3"
"202122","Academic year","Regional","E92000001","England","E12000001","North East",,,,"Overall","Overall",1075,998,887,4,859,24,"0.5","96.8","2.7"
"202223","Academic year","Regional","E92000001","England","E12000001","North East",,,,"Overall","Overall",1158,780,805,0,784,21,"0","97.4","2.6"
"202122","Academic year","Regional","E92000001","England","E12000002","North West",,,,"Overall","Overall",3423,3083,2794,2,2700,92,"0.1","96.6","3.3"
"202223","Academic year","Regional","E92000001","England","E12000002","North West",,,,"Overall","Overall",3347,2224,2372,1,2290,81,"0","96.5","3.4"
"202122","Academic year","Regional","E92000001","England","E12000008","South East",,,,"Overall","Overall",4302,4556,4064,3,3875,186,"0.1","95.3","4.6"
"202223","Academic year","Regional","E92000001","England","E12000008","South East",,,,"Overall","Overall",4241,3337,3637,0,3481,156,"0","95.7","4.3"
"202122","Academic year","Regional","E92000001","England","E12000009","South West",,,,"Overall","Overall",2233,2230,2043,6,1927,110,"0.3","94.3","5.4"
"202223","Academic year","Regional","E92000001","England","E12000009","South West",,,,"Overall","Overall",2318,1651,1880,0,1799,81,"0","95.7","4.3"
"202122","Academic year","Regional","E92000001","England","E12000005","West Midlands",,,,"Overall","Overall",2986,2898,2613,6,2520,87,"0.2","96.4","3.3"
"202223","Academic year","Regional","E92000001","England","E12000005","West Midlands",,,,"Overall","Overall",2814,2024,2140,0,2050,90,"0","95.8","4.2"
"202122","Academic year","Regional","E92000001","England","E12000003","Yorkshire and The Humber",,,,"Overall","Overall",2685,2719,2326,7,2285,34,"0.3","98.2","1.5"
"202223","Academic year","Regional","E92000001","England","E12000003","Yorkshire and The Humber",,,,"Overall","Overall",2698,1940,1988,0,1966,22,"0","98.9","1.1"
"202122","Academic year","Local authority","E92000001","England","E12000007","London","Barking and Dagenham","301","E09000002","Overall","Overall",137,123,138,0,122,16,"0","88.4","11.6"
"202223","Academic year","Local authority","E92000001","England","E12000007","London","Barking and Dagenham","301","E09000002","Overall","Overall",150,109,139,0,117,22,"0","84.2","15.8"
"202122","Academic year","Local authority","E92000001","England","E12000007","London","Barnet","302","E09000003","Overall","Overall",212,198,196,0,186,10,"0","94.9","5.1"
"202223","Academic year","Local authority","E92000001","England","E12000007","London","Barnet","302","E09000003","Overall","Overall",241,188,208,0,196,12,"0","94.2","5.8"
"202122","Academic year","Local authority","E92000001","England","E12000003","Yorkshire and The Humber","Barnsley","370","E08000016","Overall","Overall",100,103,94,0,93,1,"0","98.9","1.1"
"202223","Academic year","Local authority","E92000001","England","E12000003","Yorkshire and The Humber","Barnsley","370","E08000016","Overall","Overall",101,72,80,0,78,2,"0","97.5","2.5"
"202122","Academic year","Local authority","E92000001","England","E12000009","South West","Bath and North East Somerset","800","E06000022","Overall","Overall",41,33,66,0,34,32,"0","51.5","48.5"
"202223","Academic year","Local authority","E92000001","England","E12000009","South West","Bath and North East Somerset","800","E06000022","Overall","Overall",46,29,76,0,35,41,"0","46.1","53.9"
"202122","Academic year","Local authority","E92000001","England","E12000006","East of England","Bedford","822","E06000055","Overall","Overall",119,125,106,1,102,3,"0.9","96.2","2.8"
"202223","Academic year","Local authority","E92000001","England","E12000006","East of England","Bedford","822","E06000055","Overall","Overall",90,78,73,0,67,6,"0","91.8","8.2"
"202122","Academic year","Local authority","E92000001","England","E12000007","London","Bexley","303","E09000004","Overall","Overall",150,164,135,0,130,5,"0","96.3","3.7"
"202223","Academic year","Local authority","E92000001","England","E12000007","London","Bexley","303","E09000004","Overall","Overall",145,100,118,0,112,6,"0","94.9","5.1"
"202122","Academic year","Local authority","E92000001","England","E12000005","West Midlands","Birmingham","330","E08000025","Overall","Overall",771,742,648,2,632,14,"0.3","97.5","2.2"
"202223","Academic year","Local authority","E92000001","England","E12000005","West Midlands","Birmingham","330","E08000025","Overall","Overall",745,513,510,0,505,5,"0","99","1"
"202122","Academic year","Local authority","E92000001","England","E12000002","North West","Blackburn with Darwen","889","E06000008","Overall","Overall",90,88,79,0,79,0,"0","100","0"
"202223","Academic year","Local authority","E92000001","England","E12000002","North West","Blackburn with Darwen","889","E06000008","Overall","Overall",81,41,61,0,61,0,"0","100","0"
"202122","Academic year","Local authority","E92000001","England","E12000002","North West","Blackpool","890","E06000009","Overall","Overall",59,55,50,0,50,0,"0","100","0"
"202223","Academic year","Local authority","E92000001","England","E12000002","North West","Blackpool","890","E06000009","Overall","Overall",71,49,51,0,51,0,"0","100","0"
"202122","Academic year","Local authority","E92000001","England","E12000002","North West","Bolton","350","E08000001","Overall","Overall",160,122,139,0,137,2,"0","98.6","1.4"
"202223","Academic year","Local authority","E92000001","England","E12000002","North West","Bolton","350","E08000001","Overall","Overall",134,69,102,0,99,3,"0","97.1","2.9"
"202122","Academic year","Local authority","E92000001","England","E12000009","South West","Bournemouth, Christchurch and Poole","839","E06000058","Overall","Overall",162,179,149,0,148,1,"0","99.3","0.7"
"202223","Academic year","Local authority","E92000001","England","E12000009","South West","Bournemouth, Christchurch and Poole","839","E06000058","Overall","Overall",176,129,148,0,148,0,"0","100","0"
"202122","Academic year","Local authority","E92000001","England","E12000008","South East","Bracknell Forest","867","E06000036","Overall","Overall",60,72,56,0,54,2,"0","96.4","3.6"
"202223","Academic year","Local authority","E92000001","England","E12000008","South East","Bracknell Forest","867","E06000036","Overall","Overall",60,57,52,0,52,0,"0","100","0"
"202122","Academic year","Local authority","E92000001","England","E12000003","Yorkshire and The Humber","Bradford","380","E08000032","Overall","Overall",392,306,333,1,329,3,"0.3","98.8","0.9"
"202223","Academic year","Local authority","E92000001","England","E12000003","Yorkshire and The Humber","Bradford","380","E08000032","Overall","Overall",396,222,265,0,264,1,"0","99.6","0.4"
"202122","Academic year","Local authority","E92000001","England","E12000007","London","Brent","304","E09000005","Overall","Overall",197,185,163,0,162,1,"0","99.4","0.6"
"202223","Academic year","Local authority","E92000001","England","E12000007","London","Brent","304","E09000005","Overall","Overall",206,143,144,0,143,1,"0","99.3","0.7"
"202122","Academic year","Local authority","E92000001","England","E12000008","South East","Brighton and Hove","846","E06000043","Overall","Overall",80,86,74,0,67,7,"0","90.5","9.5"
"202223","Academic year","Local authority","E92000001","England","E12000008","South East","Brighton and Hove","846","E06000043","Overall","Overall",107,79,92,0,82,10,"0","89.1","10.9"
"202122","Academic year","Local authority","E92000001","England","E12000009","South West","Bristol, City of","801","E06000023","Overall","Overall",206,200,191,2,174,15,"1","91.1","7.9"
"202223","Academic year","Local authority","E92000001","England","E12000009","South West","Bristol, City of","801","E06000023","Overall","Overall",242,185,182,0,170,12,"0","93.4","6.6"
"202122","Academic year","Local authority","E92000001","England","E12000007","London","Bromley","305","E09000006","Overall","Overall",170,184,150,0,136,14,"0","90.7","9.3"
"202223","Academic year","Local authority","E92000001","England","E12000007","London","Bromley","305","E09000006","Overall","Overall",187,148,165,0,144,21,"0","87.3","12.7"
"202122","Academic year","Local authority","E92000001","England","E12000008","South East","Buckinghamshire","825","E06000060","Overall","Overall",241,230,226,0,217,9,"0","96","4"
"202223","Academic year","Local authority","E92000001","England","E12000008","South East","Buckinghamshire","825","E06000060","Overall","Overall",261,204,221,0,221,0,"0","100","0"
"202122","Academic year","Local authority","E92000001","England","E12000002","North West","Bury","351","E08000002","Overall","Overall",90,72,70,0,70,0,"0","100","0"
"202223","Academic year","Local authority","E92000001","England","E12000002","North West","Bury","351","E08000002","Overall","Overall",74,48,43,0,43,0,"0","100","0"
"202122","Academic year","Local authority","E92000001","England","E12000003","Yorkshire and The Humber","Calderdale","381","E08000033","Overall","Overall",102,99,95,1,89,5,"1.1","93.7","5.3"
"202223","Academic year","Local authority","E92000001","England","E12000003","Yorkshire and The Humber","Calderdale","381","E08000033","Overall","Overall",123,96,90,0,89,1,"0","98.9","1.1"
"202122","Academic year","Local authority","E92000001","England","E12000006","East of England","Cambridgeshire","873","E10000003","Overall","Overall",301,306,263,0,262,1,"0","99.6","0.4"
"202223","Academic year","Local authority","E92000001","England","E12000006","East of England","Cambridgeshire","873","E10000003","Overall","Overall",295,225,255,0,254,1,"0","99.6","0.4"
"202122","Academic year","Local authority","E92000001","England","E12000007","London","Camden","202","E09000007","Overall","Overall",97,115,92,0,92,0,"0","100","0"
"202223","Academic year","Local authority","E92000001","England","E12000007","London","Camden","202","E09000007","Overall","Overall",106,74,90,0,90,0,"0","100","0"
"202122","Academic year","Local authority","E92000001","England","E12000006","East of England","Central Bedfordshire","823","E06000056","Overall","Overall",132,141,121,0,121,0,"0","100","0"
"202223","Academic year","Local authority","E92000001","England","E12000006","East of England","Central Bedfordshire","823","E06000056","Overall","Overall",143,97,130,0,130,0,"0","100","0"
"202122","Academic year","Local authority","E92000001","England","E12000002","North West","Cheshire East","895","E06000049","Overall","Overall",137,107,112,0,108,4,"0","96.4","3.6"
"202223","Academic year","Local authority","E92000001","England","E12000002","North West","Cheshire East","895","E06000049","Overall","Overall",146,114,101,0,91,10,"0","90.1","9.9"
"202122","Academic year","Local authority","E92000001","England","E12000002","North West","Cheshire West and Chester","896","E06000050","Overall","Overall",117,105,102,0,96,6,"0","94.1","5.9"
"202223","Academic year","Local authority","E92000001","England","E12000002","North West","Cheshire West and Chester","896","E06000050","Overall","Overall",109,72,71,0,70,1,"0","98.6","1.4"
"202122","Academic year","Local authority","E92000001","England","E12000007","London","City of London","201","E09000001","Overall","Overall",1,2,1,0,1,0,"0","100","0"
"202122","Academic year","Local authority","E92000001","England","E12000009","South West","Cornwall","908","E06000052","Overall","Overall",200,214,172,1,170,1,"0.6","98.8","0.6"
"202223","Academic year","Local authority","E92000001","England","E12000009","South West","Cornwall","908","E06000052","Overall","Overall",199,139,147,0,147,0,"0","100","0"
"202122","Academic year","Local authority","E92000001","England","E12000001","North East","County Durham","840","E06000047","Overall","Overall",216,202,179,1,176,2,"0.6","98.3","1.1"
"202223","Academic year","Local authority","E92000001","England","E12000001","North East","County Durham","840","E06000047","Overall","Overall",231,158,161,0,159,2,"0","98.8","1.2"
"202122","Academic year","Local authority","E92000001","England","E12000005","West Midlands","Coventry","331","E08000026","Overall","Overall",178,192,180,0,161,19,"0","89.4","10.6"
"202223","Academic year","Local authority","E92000001","England","E12000005","West Midlands","Coventry","331","E08000026","Overall","Overall",194,144,176,0,166,10,"0","94.3","5.7"
"202122","Academic year","Local authority","E92000001","England","E12000007","London","Croydon","306","E09000008","Overall","Overall",246,245,229,1,212,16,"0.4","92.6","7"
"202223","Academic year","Local authority","E92000001","England","E12000007","London","Croydon","306","E09000008","Overall","Overall",178,113,143,0,135,8,"0","94.4","5.6"
"202122","Academic year","Local authority","E92000001","England","E12000002","North West","Cumberland","942","E06000063","Overall","Overall",119,118,94,0,94,0,"0","100","0"
"202223","Academic year","Local authority","E92000001","England","E12000002","North West","Cumberland","942","E06000063","Overall","Overall",99,78,67,0,67,0,"0","100","0"
"202122","Academic year","Local authority","E92000001","England","E12000001","North East","Darlington","841","E06000005","Overall","Overall",44,42,34,0,33,1,"0","97.1","2.9"
"202223","Academic year","Local authority","E92000001","England","E12000001","North East","Darlington","841","E06000005","Overall","Overall",48,29,30,0,30,0,"0","100","0"
"202122","Academic year","Local authority","E92000001","England","E12000004","East Midlands","Derby","831","E06000015","Overall","Overall",131,148,120,0,117,3,"0","97.5","2.5"
"202223","Academic year","Local authority","E92000001","England","E12000004","East Midlands","Derby","831","E06000015","Overall","Overall",120,78,94,0,90,4,"0","95.7","4.3"
"202122","Academic year","Local authority","E92000001","England","E12000004","East Midlands","Derbyshire","830","E10000007","Overall","Overall",309,308,280,1,275,4,"0.4","98.2","1.4"
"202223","Academic year","Local authority","E92000001","England","E12000004","East Midlands","Derbyshire","830","E10000007","Overall","Overall",294,233,239,0,236,3,"0","98.7","1.3"
"202122","Academic year","Local authority","E92000001","England","E12000009","South West","Devon","878","E10000008","Overall","Overall",295,286,257,0,250,7,"0","97.3","2.7"
"202223","Academic year","Local authority","E92000001","England","E12000009","South West","Devon","878","E10000008","Overall","Overall",300,222,227,0,227,0,"0","100","0"
"202122","Academic year","Local authority","E92000001","England","E12000003","Yorkshire and The Humber","Doncaster","371","E08000017","Overall","Overall",184,177,162,1,160,1,"0.6","98.8","0.6"
"202223","Academic year","Local authority","E92000001","England","E12000003","Yorkshire and The Humber","Doncaster","371","E08000017","Overall","Overall",140,110,105,0,104,1,"0","99","1"
"202122","Academic year","Local authority","E92000001","England","E12000009","South West","Dorset","838","E06000059","Overall","Overall",127,143,114,0,114,0,"0","100","0"
"202223","Academic year","Local authority","E92000001","England","E12000009","South West","Dorset","838","E06000059","Overall","Overall",141,124,112,0,112,0,"0","100","0"
"202122","Academic year","Local authority","E92000001","England","E12000005","West Midlands","Dudley","332","E08000027","Overall","Overall",128,132,108,0,105,3,"0","97.2","2.8"
"202223","Academic year","Local authority","E92000001","England","E12000005","West Midlands","Dudley","332","E08000027","Overall","Overall",129,92,80,0,79,1,"0","98.8","1.2"
"202122","Academic year","Local authority","E92000001","England","E12000007","London","Ealing","307","E09000009","Overall","Overall",165,184,163,0,149,14,"0","91.4","8.6"
"202223","Academic year","Local authority","E92000001","England","E12000007","London","Ealing","307","E09000009","Overall","Overall",161,125,150,0,138,12,"0","92","8"
"202122","Academic year","Local authority","E92000001","England","E12000003","Yorkshire and The Humber","East Riding of Yorkshire","811","E06000011","Overall","Overall",102,118,95,2,92,1,"2.1","96.8","1.1"
"202223","Academic year","Local authority","E92000001","England","E12000003","Yorkshire and The Humber","East Riding of Yorkshire","811","E06000011","Overall","Overall",84,80,65,0,65,0,"0","100","0"
"202122","Academic year","Local authority","E92000001","England","E12000008","South East","East Sussex","845","E10000011","Overall","Overall",210,208,195,0,187,8,"0","95.9","4.1"
"202223","Academic year","Local authority","E92000001","England","E12000008","South East","East Sussex","845","E10000011","Overall","Overall",215,172,183,0,176,7,"0","96.2","3.8"
"202122","Academic year","Local authority","E92000001","England","E12000007","London","Enfield","308","E09000010","Overall","Overall",214,192,197,0,190,7,"0","96.4","3.6"
"202223","Academic year","Local authority","E92000001","England","E12000007","London","Enfield","308","E09000010","Overall","Overall",211,163,174,0,171,3,"0","98.3","1.7"
"202122","Academic year","Local authority","E92000001","England","E12000006","East of England","Essex","881","E10000012","Overall","Overall",680,749,615,1,604,10,"0.2","98.2","1.6"
"202223","Academic year","Local authority","E92000001","England","E12000006","East of England","Essex","881","E10000012","Overall","Overall",672,541,573,0,569,4,"0","99.3","0.7"
"202122","Academic year","Local authority","E92000001","England","E12000001","North East","Gateshead","390","E08000037","Overall","Overall",77,80,65,1,63,1,"1.5","96.9","1.5"
"202223","Academic year","Local authority","E92000001","England","E12000001","North East","Gateshead","390","E08000037","Overall","Overall",70,45,41,0,40,1,"0","97.6","2.4"
"202122","Academic year","Local authority","E92000001","England","E12000009","South West","Gloucestershire","916","E10000013","Overall","Overall",282,279,253,0,241,12,"0","95.3","4.7"
"202223","Academic year","Local authority","E92000001","England","E12000009","South West","Gloucestershire","916","E10000013","Overall","Overall",244,160,213,0,197,16,"0","92.5","7.5"
"202122","Academic year","Local authority","E92000001","England","E12000007","London","Greenwich","203","E09000011","Overall","Overall",156,169,171,0,137,34,"0","80.1","19.9"
"202223","Academic year","Local authority","E92000001","England","E12000007","London","Greenwich","203","E09000011","Overall","Overall",166,114,156,0,122,34,"0","78.2","21.8"
"202122","Academic year","Local authority","E92000001","England","E12000007","London","Hackney","204","E09000012","Overall","Overall",160,150,166,1,147,18,"0.6","88.6","10.8"
"202223","Academic year","Local authority","E92000001","England","E12000007","London","Hackney","204","E09000012","Overall","Overall",115,90,103,0,90,13,"0","87.4","12.6"
"202122","Academic year","Local authority","E92000001","England","E12000002","North West","Halton","876","E06000006","Overall","Overall",63,63,53,0,53,0,"0","100","0"
"202223","Academic year","Local authority","E92000001","England","E12000002","North West","Halton","876","E06000006","Overall","Overall",75,55,44,0,44,0,"0","100","0"
"202122","Academic year","Local authority","E92000001","England","E12000007","London","Hammersmith and Fulham","205","E09000013","Overall","Overall",112,108,112,0,103,9,"0","92","8"
"202223","Academic year","Local authority","E92000001","England","E12000007","London","Hammersmith and Fulham","205","E09000013","Overall","Overall",96,66,85,0,79,6,"0","92.9","7.1"
"202122","Academic year","Local authority","E92000001","England","E12000008","South East","Hampshire","850","E10000014","Overall","Overall",578,610,561,0,538,23,"0","95.9","4.1"
"202223","Academic year","Local authority","E92000001","England","E12000008","South East","Hampshire","850","E10000014","Overall","Overall",546,428,501,0,474,27,"0","94.6","5.4"
"202122","Academic year","Local authority","E92000001","England","E12000007","London","Haringey","309","E09000014","Overall","Overall",157,179,134,0,133,1,"0","99.3","0.7"
"202223","Academic year","Local authority","E92000001","England","E12000007","London","Haringey","309","E09000014","Overall","Overall",144,106,108,0,108,0,"0","100","0"
"202122","Academic year","Local authority","E92000001","England","E12000007","London","Harrow","310","E09000015","Overall","Overall",149,143,139,0,134,5,"0","96.4","3.6"
"202223","Academic year","Local authority","E92000001","England","E12000007","London","Harrow","310","E09000015","Overall","Overall",170,122,140,0,136,4,"0","97.1","2.9"
"202122","Academic year","Local authority","E92000001","England","E12000001","North East","Hartlepool","805","E06000001","Overall","Overall",37,44,33,0,33,0,"0","100","0"
"202223","Academic year","Local authority","E92000001","England","E12000001","North East","Hartlepool","805","E06000001","Overall","Overall",46,29,35,0,35,0,"0","100","0"
"202122","Academic year","Local authority","E92000001","England","E12000007","London","Havering","311","E09000016","Overall","Overall",142,152,136,0,135,1,"0","99.3","0.7"
"202223","Academic year","Local authority","E92000001","England","E12000007","London","Havering","311","E09000016","Overall","Overall",151,114,120,0,120,0,"0","100","0"
"202122","Academic year","Local authority","E92000001","England","E12000005","West Midlands","Herefordshire, County of","884","E06000019","Overall","Overall",70,62,62,0,62,0,"0","100","0"
"202223","Academic year","Local authority","E92000001","England","E12000005","West Midlands","Herefordshire, County of","884","E06000019","Overall","Overall",75,55,51,0,51,0,"0","100","0"
"202122","Academic year","Local authority","E92000001","England","E12000006","East of England","Hertfordshire","919","E10000015","Overall","Overall",569,573,563,0,518,45,"0","92","8"
"202223","Academic year","Local authority","E92000001","England","E12000006","East of England","Hertfordshire","919","E10000015","Overall","Overall",553,442,523,0,477,46,"0","91.2","8.8"
"202122","Academic year","Local authority","E92000001","England","E12000007","London","Hillingdon","312","E09000017","Overall","Overall",190,182,187,0,168,19,"0","89.8","10.2"
"202223","Academic year","Local authority","E92000001","England","E12000007","London","Hillingdon","312","E09000017","Overall","Overall",180,100,158,0,143,15,"0","90.5","9.5"
"202122","Academic year","Local authority","E92000001","England","E12000007","London","Hounslow","313","E09000018","Overall","Overall",191,193,171,0,171,0,"0","100","0"
"202223","Academic year","Local authority","E92000001","England","E12000007","London","Hounslow","313","E09000018","Overall","Overall",205,136,172,0,172,0,"0","100","0"
"202122","Academic year","Local authority","E92000001","England","E12000008","South East","Isle of Wight","921","E06000046","Overall","Overall",46,37,37,0,37,0,"0","100","0"
"202223","Academic year","Local authority","E92000001","England","E12000008","South East","Isle of Wight","921","E06000046","Overall","Overall",45,29,35,0,35,0,"0","100","0"
"202122","Academic year","Local authority","E92000001","England","E12000009","South West","Isles of Scilly","420","E06000053","Overall","Overall",2,1,1,0,1,0,"0","100","0"
"202122","Academic year","Local authority","E92000001","England","E12000007","London","Islington","206","E09000019","Overall","Overall",89,77,85,0,82,3,"0","96.5","3.5"
"202223","Academic year","Local authority","E92000001","England","E12000007","London","Islington","206","E09000019","Overall","Overall",103,88,85,0,82,3,"0","96.5","3.5"
"202122","Academic year","Local authority","E92000001","England","E12000007","London","Kensington and Chelsea","207","E09000020","Overall","Overall",81,68,80,0,72,8,"0","90","10"
"202223","Academic year","Local authority","E92000001","England","E12000007","London","Kensington and Chelsea","207","E09000020","Overall","Overall",74,46,64,0,59,5,"0","92.2","7.8"
"202122","Academic year","Local authority","E92000001","England","E12000008","South East","Kent","886","E10000016","Overall","Overall",747,744,748,1,659,88,"0.1","88.1","11.8"
"202223","Academic year","Local authority","E92000001","England","E12000008","South East","Kent","886","E10000016","Overall","Overall",704,554,647,0,556,91,"0","85.9","14.1"
"202122","Academic year","Local authority","E92000001","England","E12000003","Yorkshire and The Humber","Kingston upon Hull, City of","810","E06000010","Overall","Overall",168,176,147,0,145,2,"0","98.6","1.4"
"202223","Academic year","Local authority","E92000001","England","E12000003","Yorkshire and The Humber","Kingston upon Hull, City of","810","E06000010","Overall","Overall",143,108,111,0,111,0,"0","100","0"
"202122","Academic year","Local authority","E92000001","England","E12000007","London","Kingston upon Thames","314","E09000021","Overall","Overall",80,81,78,0,74,4,"0","94.9","5.1"
"202223","Academic year","Local authority","E92000001","England","E12000007","London","Kingston upon Thames","314","E09000021","Overall","Overall",68,55,59,0,57,2,"0","96.6","3.4"
"202122","Academic year","Local authority","E92000001","England","E12000003","Yorkshire and The Humber","Kirklees","382","E08000034","Overall","Overall",206,200,183,0,181,2,"0","98.9","1.1"
"202223","Academic year","Local authority","E92000001","England","E12000003","Yorkshire and The Humber","Kirklees","382","E08000034","Overall","Overall",183,141,141,0,139,2,"0","98.6","1.4"
"202122","Academic year","Local authority","E92000001","England","E12000002","North West","Knowsley","340","E08000011","Overall","Overall",49,51,36,0,34,2,"0","94.4","5.6"
"202223","Academic year","Local authority","E92000001","England","E12000002","North West","Knowsley","340","E08000011","Overall","Overall",66,46,42,1,40,1,"2.4","95.2","2.4"
"202122","Academic year","Local authority","E92000001","England","E12000007","London","Lambeth","208","E09000022","Overall","Overall",141,149,121,0,118,3,"0","97.5","2.5"
"202223","Academic year","Local authority","E92000001","England","E12000007","London","Lambeth","208","E09000022","Overall","Overall",161,139,133,0,133,0,"0","100","0"
"202122","Academic year","Local authority","E92000001","England","E12000002","North West","Lancashire","888","E10000017","Overall","Overall",426,406,361,0,343,18,"0","95","5"
"202223","Academic year","Local authority","E92000001","England","E12000002","North West","Lancashire","888","E10000017","Overall","Overall",448,281,347,0,331,16,"0","95.4","4.6"
"202122","Academic year","Local authority","E92000001","England","E12000003","Yorkshire and The Humber","Leeds","383","E08000035","Overall","Overall",473,534,395,0,391,4,"0","99","1"
"202223","Academic year","Local authority","E92000001","England","E12000003","Yorkshire and The Humber","Leeds","383","E08000035","Overall","Overall",514,364,394,0,387,7,"0","98.2","1.8"
"202122","Academic year","Local authority","E92000001","England","E12000004","East Midlands","Leicester","856","E06000016","Overall","Overall",186,179,153,0,149,4,"0","97.4","2.6"
"202223","Academic year","Local authority","E92000001","England","E12000004","East Midlands","Leicester","856","E06000016","Overall","Overall",195,139,147,0,146,1,"0","99.3","0.7"
"202122","Academic year","Local authority","E92000001","England","E12000004","East Midlands","Leicestershire","855","E10000018","Overall","Overall",319,326,283,0,283,0,"0","100","0"
"202223","Academic year","Local authority","E92000001","England","E12000004","East Midlands","Leicestershire","855","E10000018","Overall","Overall",272,240,225,0,225,0,"0","100","0"
"202122","Academic year","Local authority","E92000001","England","E12000007","London","Lewisham","209","E09000023","Overall","Overall",118,142,101,0,101,0,"0","100","0"
"202223","Academic year","Local authority","E92000001","England","E12000007","London","Lewisham","209","E09000023","Overall","Overall",137,123,106,0,106,0,"0","100","0"
"202122","Academic year","Local authority","E92000001","England","E12000004","East Midlands","Lincolnshire","925","E10000019","Overall","Overall",316,374,279,1,276,2,"0.4","98.9","0.7"
"202223","Academic year","Local authority","E92000001","England","E12000004","East Midlands","Lincolnshire","925","E10000019","Overall","Overall",324,264,248,0,245,3,"0","98.8","1.2"
"202122","Academic year","Local authority","E92000001","England","E12000002","North West","Liverpool","341","E08000012","Overall","Overall",225,223,171,0,155,16,"0","90.6","9.4"
"202223","Academic year","Local authority","E92000001","England","E12000002","North West","Liverpool","341","E08000012","Overall","Overall",251,142,184,0,172,12,"0","93.5","6.5"
"202122","Academic year","Local authority","E92000001","England","E12000006","East of England","Luton","821","E06000032","Overall","Overall",123,120,121,0,116,5,"0","95.9","4.1"
"202223","Academic year","Local authority","E92000001","England","E12000006","East of England","Luton","821","E06000032","Overall","Overall",134,101,108,0,106,2,"0","98.1","1.9"
"202122","Academic year","Local authority","E92000001","England","E12000002","North West","Manchester","352","E08000003","Overall","Overall",354,339,293,0,290,3,"0","99","1"
"202223","Academic year","Local authority","E92000001","England","E12000002","North West","Manchester","352","E08000003","Overall","Overall",366,240,246,0,246,0,"0","100","0"
"202122","Academic year","Local authority","E92000001","England","E12000008","South East","Medway","887","E06000035","Overall","Overall",196,201,175,0,172,3,"0","98.3","1.7"
"202223","Academic year","Local authority","E92000001","England","E12000008","South East","Medway","887","E06000035","Overall","Overall",178,115,141,0,139,2,"0","98.6","1.4"
"202122","Academic year","Local authority","E92000001","England","E12000007","London","Merton","315","E09000024","Overall","Overall",119,143,116,0,114,2,"0","98.3","1.7"
"202223","Academic year","Local authority","E92000001","England","E12000007","London","Merton","315","E09000024","Overall","Overall",113,87,92,0,92,0,"0","100","0"
"202122","Academic year","Local authority","E92000001","England","E12000001","North East","Middlesbrough","806","E06000002","Overall","Overall",86,71,73,0,73,0,"0","100","0"
"202223","Academic year","Local authority","E92000001","England","E12000001","North East","Middlesbrough","806","E06000002","Overall","Overall",107,62,67,0,67,0,"0","100","0"
"202122","Academic year","Local authority","E92000001","England","E12000008","South East","Milton Keynes","826","E06000042","Overall","Overall",181,224,169,0,169,0,"0","100","0"
"202223","Academic year","Local authority","E92000001","England","E12000008","South East","Milton Keynes","826","E06000042","Overall","Overall",164,143,140,0,140,0,"0","100","0"
"202122","Academic year","Local authority","E92000001","England","E12000001","North East","Newcastle upon Tyne","391","E08000021","Overall","Overall",108,102,83,0,81,2,"0","97.6","2.4"
"202223","Academic year","Local authority","E92000001","England","E12000001","North East","Newcastle upon Tyne","391","E08000021","Overall","Overall",132,92,96,0,90,6,"0","93.8","6.2"
"202122","Academic year","Local authority","E92000001","England","E12000007","London","Newham","316","E09000025","Overall","Overall",231,205,237,0,197,40,"0","83.1","16.9"
"202223","Academic year","Local authority","E92000001","England","E12000007","London","Newham","316","E09000025","Overall","Overall",237,153,214,0,186,28,"0","86.9","13.1"
"202122","Academic year","Local authority","E92000001","England","E12000006","East of England","Norfolk","926","E10000020","Overall","Overall",352,345,323,0,314,9,"0","97.2","2.8"
"202223","Academic year","Local authority","E92000001","England","E12000006","East of England","Norfolk","926","E10000020","Overall","Overall",330,277,272,0,267,5,"0","98.2","1.8"
"202122","Academic year","Local authority","E92000001","England","E12000003","Yorkshire and The Humber","North East Lincolnshire","812","E06000012","Overall","Overall",72,76,57,0,57,0,"0","100","0"
"202223","Academic year","Local authority","E92000001","England","E12000003","Yorkshire and The Humber","North East Lincolnshire","812","E06000012","Overall","Overall",72,59,53,0,53,0,"0","100","0"
"202122","Academic year","Local authority","E92000001","England","E12000003","Yorkshire and The Humber","North Lincolnshire","813","E06000013","Overall","Overall",56,53,62,1,54,7,"1.6","87.1","11.3"
"202223","Academic year","Local authority","E92000001","England","E12000003","Yorkshire and The Humber","North Lincolnshire","813","E06000013","Overall","Overall",87,74,68,0,67,1,"0","98.5","1.5"
"202122","Academic year","Local authority","E92000001","England","E12000004","East Midlands","North Northamptonshire","940","E06000061","Overall","Overall",182,198,173,0,164,9,"0","94.8","5.2"
"202223","Academic year","Local authority","E92000001","England","E12000004","East Midlands","North Northamptonshire","940","E06000061","Overall","Overall",167,135,145,0,140,5,"0","96.6","3.4"
"202122","Academic year","Local authority","E92000001","England","E12000009","South West","North Somerset","802","E06000024","Overall","Overall",108,110,100,0,100,0,"0","100","0"
"202223","Academic year","Local authority","E92000001","England","E12000009","South West","North Somerset","802","E06000024","Overall","Overall",104,64,79,0,79,0,"0","100","0"
"202122","Academic year","Local authority","E92000001","England","E12000001","North East","North Tyneside","392","E08000022","Overall","Overall",87,74,68,0,67,1,"0","98.5","1.5"
"202223","Academic year","Local authority","E92000001","England","E12000001","North East","North Tyneside","392","E08000022","Overall","Overall",91,64,66,0,60,6,"0","90.9","9.1"
"202122","Academic year","Local authority","E92000001","England","E12000003","Yorkshire and The Humber","North Yorkshire","815","E10000023","Overall","Overall",212,223,180,0,177,3,"0","98.3","1.7"
"202223","Academic year","Local authority","E92000001","England","E12000003","Yorkshire and The Humber","North Yorkshire","815","E10000023","Overall","Overall",218,150,151,0,150,1,"0","99.3","0.7"
"202122","Academic year","Local authority","E92000001","England","E12000001","North East","Northumberland","929","E06000057","Overall","Overall",120,105,95,1,93,1,"1.1","97.9","1.1"
"202223","Academic year","Local authority","E92000001","England","E12000001","North East","Northumberland","929","E06000057","Overall","Overall",132,97,93,0,93,0,"0","100","0"
"202122","Academic year","Local authority","E92000001","England","E12000004","East Midlands","Nottingham","892","E06000018","Overall","Overall",179,201,156,1,155,0,"0.6","99.4","0"
"202223","Academic year","Local authority","E92000001","England","E12000004","East Midlands","Nottingham","892","E06000018","Overall","Overall",176,144,134,0,134,0,"0","100","0"
"202122","Academic year","Local authority","E92000001","England","E12000004","East Midlands","Nottinghamshire","891","E10000024","Overall","Overall",391,382,366,0,343,23,"0","93.7","6.3"
"202223","Academic year","Local authority","E92000001","England","E12000004","East Midlands","Nottinghamshire","891","E10000024","Overall","Overall",368,293,301,0,283,18,"0","94","6"
"202122","Academic year","Local authority","E92000001","England","E12000002","North West","Oldham","353","E08000004","Overall","Overall",191,171,129,0,127,2,"0","98.4","1.6"
"202223","Academic year","Local authority","E92000001","England","E12000002","North West","Oldham","353","E08000004","Overall","Overall",149,96,69,0,69,0,"0","100","0"
"202122","Academic year","Local authority","E92000001","England","E12000008","South East","Oxfordshire","931","E10000025","Overall","Overall",320,382,291,1,290,0,"0.3","99.7","0"
"202223","Academic year","Local authority","E92000001","England","E12000008","South East","Oxfordshire","931","E10000025","Overall","Overall",322,245,243,0,243,0,"0","100","0"
"202122","Academic year","Local authority","E92000001","England","E12000006","East of England","Peterborough","874","E06000031","Overall","Overall",151,140,139,0,137,2,"0","98.6","1.4"
"202223","Academic year","Local authority","E92000001","England","E12000006","East of England","Peterborough","874","E06000031","Overall","Overall",111,82,91,0,87,4,"0","95.6","4.4"
"202122","Academic year","Local authority","E92000001","England","E12000009","South West","Plymouth","879","E06000026","Overall","Overall",146,136,119,2,117,0,"1.7","98.3","0"
"202223","Academic year","Local authority","E92000001","England","E12000009","South West","Plymouth","879","E06000026","Overall","Overall",147,88,113,0,113,0,"0","100","0"
"202122","Academic year","Local authority","E92000001","England","E12000008","South East","Portsmouth","851","E06000044","Overall","Overall",113,110,103,0,100,3,"0","97.1","2.9"
"202223","Academic year","Local authority","E92000001","England","E12000008","South East","Portsmouth","851","E06000044","Overall","Overall",109,69,90,0,90,0,"0","100","0"
"202122","Academic year","Local authority","E92000001","England","E12000008","South East","Reading","870","E06000038","Overall","Overall",82,80,72,0,72,0,"0","100","0"
"202223","Academic year","Local authority","E92000001","England","E12000008","South East","Reading","870","E06000038","Overall","Overall",93,70,82,0,82,0,"0","100","0"
"202122","Academic year","Local authority","E92000001","England","E12000007","London","Redbridge","317","E09000026","Overall","Overall",113,118,117,0,103,14,"0","88","12"
"202223","Academic year","Local authority","E92000001","England","E12000007","London","Redbridge","317","E09000026","Overall","Overall",95,65,85,0,76,9,"0","89.4","10.6"
"202122","Academic year","Local authority","E92000001","England","E12000001","North East","Redcar and Cleveland","807","E06000003","Overall","Overall",57,53,48,0,48,0,"0","100","0"
"202223","Academic year","Local authority","E92000001","England","E12000001","North East","Redcar and Cleveland","807","E06000003","Overall","Overall",47,38,35,0,35,0,"0","100","0"
"202122","Academic year","Local authority","E92000001","England","E12000007","London","Richmond upon Thames","318","E09000027","Overall","Overall",86,95,83,0,83,0,"0","100","0"
"202223","Academic year","Local authority","E92000001","England","E12000007","London","Richmond upon Thames","318","E09000027","Overall","Overall",106,112,97,0,97,0,"0","100","0"
"202122","Academic year","Local authority","E92000001","England","E12000002","North West","Rochdale","354","E08000005","Overall","Overall",116,111,105,0,98,7,"0","93.3","6.7"
"202223","Academic year","Local authority","E92000001","England","E12000002","North West","Rochdale","354","E08000005","Overall","Overall",116,82,98,0,88,10,"0","89.8","10.2"
"202122","Academic year","Local authority","E92000001","England","E12000003","Yorkshire and The Humber","Rotherham","372","E08000018","Overall","Overall",150,163,115,0,115,0,"0","100","0"
"202223","Academic year","Local authority","E92000001","England","E12000003","Yorkshire and The Humber","Rotherham","372","E08000018","Overall","Overall",135,91,99,0,99,0,"0","100","0"
"202122","Academic year","Local authority","E92000001","England","E12000004","East Midlands","Rutland","857","E06000017","Overall","Overall",19,17,19,0,19,0,"0","100","0"
"202223","Academic year","Local authority","E92000001","England","E12000004","East Midlands","Rutland","857","E06000017","Overall","Overall",12,18,6,0,6,0,"0","100","0"
"202122","Academic year","Local authority","E92000001","England","E12000002","North West","Salford","355","E08000006","Overall","Overall",139,125,105,0,105,0,"0","100","0"
"202223","Academic year","Local authority","E92000001","England","E12000002","North West","Salford","355","E08000006","Overall","Overall",154,107,94,0,94,0,"0","100","0"
"202122","Academic year","Local authority","E92000001","England","E12000005","West Midlands","Sandwell","333","E08000028","Overall","Overall",176,169,168,1,154,13,"0.6","91.7","7.7"
"202223","Academic year","Local authority","E92000001","England","E12000005","West Midlands","Sandwell","333","E08000028","Overall","Overall",152,121,140,0,105,35,"0","75","25"
"202122","Academic year","Local authority","E92000001","England","E12000002","North West","Sefton","343","E08000014","Overall","Overall",131,104,107,0,106,1,"0","99.1","0.9"
"202223","Academic year","Local authority","E92000001","England","E12000002","North West","Sefton","343","E08000014","Overall","Overall",123,73,84,0,83,1,"0","98.8","1.2"
"202122","Academic year","Local authority","E92000001","England","E12000003","Yorkshire and The Humber","Sheffield","373","E08000019","Overall","Overall",254,271,218,1,214,3,"0.5","98.2","1.4"
"202223","Academic year","Local authority","E92000001","England","E12000003","Yorkshire and The Humber","Sheffield","373","E08000019","Overall","Overall",285,209,195,0,191,4,"0","97.9","2.1"
"202122","Academic year","Local authority","E92000001","England","E12000005","West Midlands","Shropshire","893","E06000051","Overall","Overall",87,86,70,0,70,0,"0","100","0"
"202223","Academic year","Local authority","E92000001","England","E12000005","West Midlands","Shropshire","893","E06000051","Overall","Overall",96,62,52,0,52,0,"0","100","0"
"202122","Academic year","Local authority","E92000001","England","E12000008","South East","Slough","871","E06000039","Overall","Overall",132,133,118,0,118,0,"0","100","0"
"202223","Academic year","Local authority","E92000001","England","E12000008","South East","Slough","871","E06000039","Overall","Overall",105,82,86,0,86,0,"0","100","0"
"202122","Academic year","Local authority","E92000001","England","E12000005","West Midlands","Solihull","334","E08000029","Overall","Overall",120,132,114,0,106,8,"0","93","7"
"202223","Academic year","Local authority","E92000001","England","E12000005","West Midlands","Solihull","334","E08000029","Overall","Overall",121,100,111,0,93,18,"0","83.8","16.2"
"202122","Academic year","Local authority","E92000001","England","E12000009","South West","Somerset","933","E10000027","Overall","Overall",198,193,181,0,176,5,"0","97.2","2.8"
"202223","Academic year","Local authority","E92000001","England","E12000009","South West","Somerset","933","E10000027","Overall","Overall",199,150,157,0,155,2,"0","98.7","1.3"
"202122","Academic year","Local authority","E92000001","England","E12000009","South West","South Gloucestershire","803","E06000025","Overall","Overall",123,110,107,0,104,3,"0","97.2","2.8"
"202223","Academic year","Local authority","E92000001","England","E12000009","South West","South Gloucestershire","803","E06000025","Overall","Overall",138,81,112,0,106,6,"0","94.6","5.4"
"202122","Academic year","Local authority","E92000001","England","E12000001","North East","South Tyneside","393","E08000023","Overall","Overall",50,52,52,1,40,11,"1.9","76.9","21.2"
"202223","Academic year","Local authority","E92000001","England","E12000001","North East","South Tyneside","393","E08000023","Overall","Overall",39,27,29,0,29,0,"0","100","0"
"202122","Academic year","Local authority","E92000001","England","E12000008","South East","Southampton","852","E06000045","Overall","Overall",120,124,136,0,113,23,"0","83.1","16.9"
"202223","Academic year","Local authority","E92000001","England","E12000008","South East","Southampton","852","E06000045","Overall","Overall",135,92,127,0,121,6,"0","95.3","4.7"
"202122","Academic year","Local authority","E92000001","England","E12000006","East of England","Southend-on-Sea","882","E06000033","Overall","Overall",74,74,70,0,65,5,"0","92.9","7.1"
"202223","Academic year","Local authority","E92000001","England","E12000006","East of England","Southend-on-Sea","882","E06000033","Overall","Overall",66,46,51,0,51,0,"0","100","0"
"202122","Academic year","Local authority","E92000001","England","E12000007","London","Southwark","210","E09000028","Overall","Overall",210,256,191,0,186,5,"0","97.4","2.6"
"202223","Academic year","Local authority","E92000001","England","E12000007","London","Southwark","210","E09000028","Overall","Overall",210,152,168,0,165,3,"0","98.2","1.8"
"202122","Academic year","Local authority","E92000001","England","E12000002","North West","St. Helens","342","E08000013","Overall","Overall",84,75,71,0,65,6,"0","91.5","8.5"
"202223","Academic year","Local authority","E92000001","England","E12000002","North West","St. Helens","342","E08000013","Overall","Overall",58,48,45,0,41,4,"0","91.1","8.9"
"202122","Academic year","Local authority","E92000001","England","E12000005","West Midlands","Staffordshire","860","E10000028","Overall","Overall",390,374,353,1,344,8,"0.3","97.5","2.3"
"202223","Academic year","Local authority","E92000001","England","E12000005","West Midlands","Staffordshire","860","E10000028","Overall","Overall",325,232,252,0,248,4,"0","98.4","1.6"
"202122","Academic year","Local authority","E92000001","England","E12000002","North West","Stockport","356","E08000007","Overall","Overall",141,128,109,0,109,0,"0","100","0"
"202223","Academic year","Local authority","E92000001","England","E12000002","North West","Stockport","356","E08000007","Overall","Overall",152,107,118,0,110,8,"0","93.2","6.8"
"202122","Academic year","Local authority","E92000001","England","E12000001","North East","Stockton-on-Tees","808","E06000004","Overall","Overall",73,77,64,0,61,3,"0","95.3","4.7"
"202223","Academic year","Local authority","E92000001","England","E12000001","North East","Stockton-on-Tees","808","E06000004","Overall","Overall",90,54,59,0,57,2,"0","96.6","3.4"
"202122","Academic year","Local authority","E92000001","England","E12000005","West Midlands","Stoke-on-Trent","861","E06000021","Overall","Overall",134,109,108,0,108,0,"0","100","0"
"202223","Academic year","Local authority","E92000001","England","E12000005","West Midlands","Stoke-on-Trent","861","E06000021","Overall","Overall",118,87,82,0,82,0,"0","100","0"
"202122","Academic year","Local authority","E92000001","England","E12000006","East of England","Suffolk","935","E10000029","Overall","Overall",289,255,263,0,263,0,"0","100","0"
"202223","Academic year","Local authority","E92000001","England","E12000006","East of England","Suffolk","935","E10000029","Overall","Overall",298,250,244,0,244,0,"0","100","0"
"202122","Academic year","Local authority","E92000001","England","E12000001","North East","Sunderland","394","E08000024","Overall","Overall",120,96,93,0,91,2,"0","97.8","2.2"
"202223","Academic year","Local authority","E92000001","England","E12000001","North East","Sunderland","394","E08000024","Overall","Overall",125,85,93,0,89,4,"0","95.7","4.3"
"202122","Academic year","Local authority","E92000001","England","E12000008","South East","Surrey","936","E10000030","Overall","Overall",606,705,553,0,549,4,"0","99.3","0.7"
"202223","Academic year","Local authority","E92000001","England","E12000008","South East","Surrey","936","E10000030","Overall","Overall",609,486,516,0,514,2,"0","99.6","0.4"
"202122","Academic year","Local authority","E92000001","England","E12000007","London","Sutton","319","E09000029","Overall","Overall",80,94,124,0,72,52,"0","58.1","41.9"
"202223","Academic year","Local authority","E92000001","England","E12000007","London","Sutton","319","E09000029","Overall","Overall",88,61,106,0,72,34,"0","67.9","32.1"
"202122","Academic year","Local authority","E92000001","England","E12000009","South West","Swindon","866","E06000030","Overall","Overall",113,96,120,0,98,22,"0","81.7","18.3"
"202223","Academic year","Local authority","E92000001","England","E12000009","South West","Swindon","866","E06000030","Overall","Overall",121,70,102,0,100,2,"0","98","2"
"202122","Academic year","Local authority","E92000001","England","E12000002","North West","Tameside","357","E08000008","Overall","Overall",133,105,113,0,113,0,"0","100","0"
"202223","Academic year","Local authority","E92000001","England","E12000002","North West","Tameside","357","E08000008","Overall","Overall",116,82,87,0,87,0,"0","100","0"
"202122","Academic year","Local authority","E92000001","England","E12000005","West Midlands","Telford and Wrekin","894","E06000020","Overall","Overall",103,84,77,0,77,0,"0","100","0"
"202223","Academic year","Local authority","E92000001","England","E12000005","West Midlands","Telford and Wrekin","894","E06000020","Overall","Overall",98,64,61,0,61,0,"0","100","0"
"202122","Academic year","Local authority","E92000001","England","E12000006","East of England","Thurrock","883","E06000034","Overall","Overall",133,140,112,0,112,0,"0","100","0"
"202223","Academic year","Local authority","E92000001","England","E12000006","East of England","Thurrock","883","E06000034","Overall","Overall",95,80,81,0,81,0,"0","100","0"
"202122","Academic year","Local authority","E92000001","England","E12000009","South West","Torbay","880","E06000027","Overall","Overall",50,44,45,0,41,4,"0","91.1","8.9"
"202223","Academic year","Local authority","E92000001","England","E12000009","South West","Torbay","880","E06000027","Overall","Overall",45,43,35,0,34,1,"0","97.1","2.9"
"202122","Academic year","Local authority","E92000001","England","E12000007","London","Tower Hamlets","211","E09000030","Overall","Overall",191,188,161,0,158,3,"0","98.1","1.9"
"202223","Academic year","Local authority","E92000001","England","E12000007","London","Tower Hamlets","211","E09000030","Overall","Overall",194,128,162,0,158,4,"0","97.5","2.5"
"202122","Academic year","Local authority","E92000001","England","E12000002","North West","Trafford","358","E08000009","Overall","Overall",111,101,95,0,90,5,"0","94.7","5.3"
"202223","Academic year","Local authority","E92000001","England","E12000002","North West","Trafford","358","E08000009","Overall","Overall",134,90,113,0,110,3,"0","97.3","2.7"
"202122","Academic year","Local authority","E92000001","England","E12000003","Yorkshire and The Humber","Wakefield","384","E08000036","Overall","Overall",166,173,151,0,149,2,"0","98.7","1.3"
"202223","Academic year","Local authority","E92000001","England","E12000003","Yorkshire and The Humber","Wakefield","384","E08000036","Overall","Overall",146,115,118,0,116,2,"0","98.3","1.7"
"202122","Academic year","Local authority","E92000001","England","E12000005","West Midlands","Walsall","335","E08000030","Overall","Overall",174,170,140,1,139,0,"0.7","99.3","0"
"202223","Academic year","Local authority","E92000001","England","E12000005","West Midlands","Walsall","335","E08000030","Overall","Overall",144,106,114,0,113,1,"0","99.1","0.9"
"202122","Academic year","Local authority","E92000001","England","E12000007","London","Waltham Forest","320","E09000031","Overall","Overall",142,164,132,1,121,10,"0.8","91.7","7.6"
"202223","Academic year","Local authority","E92000001","England","E12000007","London","Waltham Forest","320","E09000031","Overall","Overall",159,95,119,0,116,3,"0","97.5","2.5"
"202122","Academic year","Local authority","E92000001","England","E12000007","London","Wandsworth","212","E09000032","Overall","Overall",137,147,116,0,116,0,"0","100","0"
"202223","Academic year","Local authority","E92000001","England","E12000007","London","Wandsworth","212","E09000032","Overall","Overall",130,106,97,0,97,0,"0","100","0"
"202122","Academic year","Local authority","E92000001","England","E12000002","North West","Warrington","877","E06000007","Overall","Overall",93,82,79,0,76,3,"0","96.2","3.8"
"202223","Academic year","Local authority","E92000001","England","E12000002","North West","Warrington","877","E06000007","Overall","Overall",93,81,62,0,60,2,"0","96.8","3.2"
"202122","Academic year","Local authority","E92000001","England","E12000005","West Midlands","Warwickshire","937","E10000031","Overall","Overall",253,264,228,1,218,9,"0.4","95.6","3.9"
"202223","Academic year","Local authority","E92000001","England","E12000005","West Midlands","Warwickshire","937","E10000031","Overall","Overall",227,171,189,0,180,9,"0","95.2","4.8"
"202122","Academic year","Local authority","E92000001","England","E12000008","South East","West Berkshire","869","E06000037","Overall","Overall",95,96,86,0,86,0,"0","100","0"
"202223","Academic year","Local authority","E92000001","England","E12000008","South East","West Berkshire","869","E06000037","Overall","Overall",76,63,65,0,65,0,"0","100","0"
"202122","Academic year","Local authority","E92000001","England","E12000004","East Midlands","West Northamptonshire","941","E06000062","Overall","Overall",204,216,195,0,191,4,"0","97.9","2.1"
"202223","Academic year","Local authority","E92000001","England","E12000004","East Midlands","West Northamptonshire","941","E06000062","Overall","Overall",195,148,177,0,165,12,"0","93.2","6.8"
"202122","Academic year","Local authority","E92000001","England","E12000008","South East","West Sussex","938","E10000032","Overall","Overall",350,345,325,1,312,12,"0.3","96","3.7"
"202223","Academic year","Local authority","E92000001","England","E12000008","South East","West Sussex","938","E10000032","Overall","Overall",341,309,267,0,257,10,"0","96.3","3.7"
"202122","Academic year","Local authority","E92000001","England","E12000007","London","Westminster","213","E09000033","Overall","Overall",115,111,116,1,99,16,"0.9","85.3","13.8"
"202223","Academic year","Local authority","E92000001","England","E12000007","London","Westminster","213","E09000033","Overall","Overall",113,79,85,0,77,8,"0","90.6","9.4"
"202122","Academic year","Local authority","E92000001","England","E12000002","North West","Westmorland and Furness","943","E06000064","Overall","Overall",78,68,58,0,58,0,"0","100","0"
"202223","Academic year","Local authority","E92000001","England","E12000002","North West","Westmorland and Furness","943","E06000064","Overall","Overall",74,73,54,0,54,0,"0","100","0"
"202122","Academic year","Local authority","E92000001","England","E12000002","North West","Wigan","359","E08000010","Overall","Overall",151,119,122,2,119,1,"1.6","97.5","0.8"
"202223","Academic year","Local authority","E92000001","England","E12000002","North West","Wigan","359","E08000010","Overall","Overall",114,66,78,0,77,1,"0","98.7","1.3"
"202122","Academic year","Local authority","E92000001","England","E12000009","South West","Wiltshire","865","E06000054","Overall","Overall",180,206,168,1,159,8,"0.6","94.6","4.8"
"202223","Academic year","Local authority","E92000001","England","E12000009","South West","Wiltshire","865","E06000054","Overall","Overall",216,167,177,0,176,1,"0","99.4","0.6"
"202122","Academic year","Local authority","E92000001","England","E12000008","South East","Windsor and Maidenhead","868","E06000040","Overall","Overall",74,80,73,0,69,4,"0","94.5","5.5"
"202223","Academic year","Local authority","E92000001","England","E12000008","South East","Windsor and Maidenhead","868","E06000040","Overall","Overall",69,47,58,0,57,1,"0","98.3","1.7"
"202122","Academic year","Local authority","E92000001","England","E12000002","North West","Wirral","344","E08000015","Overall","Overall",163,144,141,0,125,16,"0","88.7","11.3"
"202223","Academic year","Local authority","E92000001","England","E12000002","North West","Wirral","344","E08000015","Overall","Overall",144,84,111,0,102,9,"0","91.9","8.1"
"202122","Academic year","Local authority","E92000001","England","E12000008","South East","Wokingham","872","E06000041","Overall","Overall",79,96,73,0,73,0,"0","100","0"
"202223","Academic year","Local authority","E92000001","England","E12000008","South East","Wokingham","872","E06000041","Overall","Overall",106,94,96,0,96,0,"0","100","0"
"202122","Academic year","Local authority","E92000001","England","E12000005","West Midlands","Wolverhampton","336","E08000031","Overall","Overall",178,161,161,0,156,5,"0","96.9","3.1"
"202223","Academic year","Local authority","E92000001","England","E12000005","West Midlands","Wolverhampton","336","E08000031","Overall","Overall",166,120,143,0,143,0,"0","100","0"
"202122","Academic year","Local authority","E92000001","England","E12000005","West Midlands","Worcestershire","885","E10000034","Overall","Overall",224,221,196,0,188,8,"0","95.9","4.1"
"202223","Academic year","Local authority","E92000001","England","E12000005","West Midlands","Worcestershire","885","E10000034","Overall","Overall",224,157,179,0,172,7,"0","96.1","3.9"
"202122","Academic year","Local authority","E92000001","England","E12000003","Yorkshire and The Humber","York","816","E06000014","Overall","Overall",48,47,39,0,39,0,"0","100","0"
"202223","Academic year","Local authority","E92000001","England","E12000003","Yorkshire and The Humber","York","816","E06000014","Overall","Overall",71,49,53,0,53,0,"0","100","0"
"202122","Academic year","National","E92000001","England",,,,,,"Overall","Overall",26648,26713,23992,37,22963,992,"0.2","95.7","4.1"
"202223","Academic year","National","E92000001","England",,,,,,"Overall","Overall",26291,19368,20989,1,20167,821,"0","96.1","3.9"
"202122","Academic year","National","E92000001","England",,,,,,"Phase","Other",1295,1212,880,2,857,21,"0.2","97.4","2.4"
"202223","Academic year","National","E92000001","England",,,,,,"Phase","Other",1340,890,781,0,761,20,"0","97.4","2.6"
"202122","Academic year","National","E92000001","England",,,,,,"Phase","Primary",11768,11536,10426,11,10110,305,"0.1","97","2.9"
"202223","Academic year","National","E92000001","England",,,,,,"Phase","Primary",12544,8802,9887,1,9652,234,"0","97.6","2.4"
"202122","Academic year","National","E92000001","England",,,,,,"Phase","Secondary",13584,13965,12686,24,11996,666,"0.2","94.6","5.2"
"202223","Academic year","National","E92000001","England",,,,,,"Phase","Secondary",12406,9676,10321,0,9754,567,"0","94.5","5.5"
"202122","Academic year","National","E92000001","England",,,,,,"Phase","Unknown",1,0,0,0,0,0,"z","z","z"
"202223","Academic year","National","E92000001","England",,,,,,"Phase","Unknown",1,0,0,0,0,0,"z","z","z"
"202122","Academic year","National","E92000001","England",,,,,,"School type group","Academies",16058,16213,14622,27,13974,621,"0.2","95.6","4.2"
"202223","Academic year","National","E92000001","England",,,,,,"School type group","Academies",15595,11620,12430,0,11933,497,"0","96","4"
"202122","Academic year","National","E92000001","England",,,,,,"School type group","Free schools",1390,1393,1261,0,1215,46,"0","96.4","3.6"
"202223","Academic year","National","E92000001","England",,,,,,"School type group","Free schools",1343,903,1079,0,1028,51,"0","95.3","4.7"
"202122","Academic year","National","E92000001","England",,,,,,"School type group","Local authority maintained schools",8434,8409,7649,8,7332,309,"0.1","95.9","4"
"202223","Academic year","National","E92000001","England",,,,,,"School type group","Local authority maintained schools",8561,6345,7049,1,6788,260,"0","96.3","3.7"
"202122","Academic year","National","E92000001","England",,,,,,"School type group","Other types",138,133,8,0,8,0,"0","100","0"
"202223","Academic year","National","E92000001","England",,,,,,"School type group","Other types",126,88,10,0,10,0,"0","100","0"
"202122","Academic year","National","E92000001","England",,,,,,"School type group","Special schools",627,565,452,2,434,16,"0.4","96","3.5"
"202223","Academic year","National","E92000001","England",,,,,,"School type group","Special schools",665,412,421,0,408,13,"0","96.9","3.1"
"202122","Academic year","National","E92000001","England",,,,,,"School type group","Unknown",1,0,0,0,0,0,"z","z","z"
"202223","Academic year","National","E92000001","England",,,,,,"School type group","Unknown",1,0,0,0,0,0,"z","z","z"
"202122","Academic year","National","E92000001","England",,,,,,"Gender","Female",18314,19286,17885,27,17123,735,"0.2","95.7","4.1"
"202223","Academic year","National","E92000001","England",,,,,,"Gender","Female",16126,13929,15746,1,15137,608,"0","96.1","3.9"
"202122","Academic year","National","E92000001","England",,,,,,"Gender","Male",6197,6240,6054,10,5788,256,"0.2","95.6","4.2"
"202223","Academic year","National","E92000001","England",,,,,,"Gender","Male",5344,4555,5221,0,5010,211,"0","96","4"
"202122","Academic year","National","E92000001","England",,,,,,"Gender","Unknown",2137,1187,53,0,52,1,"0","98.1","1.9"
"202223","Academic year","National","E92000001","England",,,,,,"Gender","Unknown",4821,884,22,0,20,2,"0","90.9","9.1"
"202122","Academic year","National","E92000001","England",,,,,,"Ethnicity","Any Other ethnic group",241,144,240,1,226,13,"0.4","94.2","5.4"
"202223","Academic year","National","E92000001","England",,,,,,"Ethnicity","Any Other ethnic group",226,121,224,0,214,10,"0","95.5","4.5"
"202122","Academic year","National","E92000001","England",,,,,,"Ethnicity","Any other Mixed background",511,389,506,0,470,36,"0","92.9","7.1"
"202223","Academic year","National","E92000001","England",,,,,,"Ethnicity","Any other Mixed background",503,268,495,0,472,23,"0","95.4","4.6"
"202122","Academic year","National","E92000001","England",,,,,,"Ethnicity","Asian or Asian British",1634,1160,1560,2,1484,74,"0.1","95.1","4.7"
"202223","Academic year","National","E92000001","England",,,,,,"Ethnicity","Asian or Asian British",1529,912,1467,0,1392,75,"0","94.9","5.1"
"202122","Academic year","National","E92000001","England",,,,,,"Ethnicity","Black or Black British",759,530,733,3,698,32,"0.4","95.2","4.4"
"202223","Academic year","National","E92000001","England",,,,,,"Ethnicity","Black or Black British",602,402,582,0,551,31,"0","94.7","5.3"
"202122","Academic year","National","E92000001","England",,,,,,"Ethnicity","Unknown",5393,3381,3220,5,3107,108,"0.2","96.5","3.4"
"202223","Academic year","National","E92000001","England",,,,,,"Ethnicity","Unknown",7918,2442,3063,0,2959,104,"0","96.6","3.4"
"202122","Academic year","National","E92000001","England",,,,,,"Ethnicity","White",18110,21109,17733,26,16978,729,"0.1","95.7","4.1"
"202223","Academic year","National","E92000001","England",,,,,,"Ethnicity","White",15513,15223,15158,1,14579,578,"0","96.2","3.8"
"202122","Academic year","National","E92000001","England",,,,,,"Age Category","25 to 29",7646,4382,7366,14,7023,329,"0.2","95.3","4.5"
"202223","Academic year","National","E92000001","England",,,,,,"Age Category","25 to 29",6541,2957,6292,0,6045,247,"0","96.1","3.9"
"202122","Academic year","National","E92000001","England",,,,,,"Age Category","30 to 39",4246,10607,3961,5,3810,146,"0.1","96.2","3.7"
"202223","Academic year","National","E92000001","England",,,,,,"Age Category","30 to 39",3638,7669,3429,0,3304,125,"0","96.4","3.6"
"202122","Academic year","National","E92000001","England",,,,,,"Age Category","40 to 49",1948,6992,1843,2,1777,64,"0.1","96.4","3.5"
"202223","Academic year","National","E92000001","England",,,,,,"Age Category","40 to 49",1742,5147,1614,0,1557,57,"0","96.5","3.5"
"202122","Academic year","National","E92000001","England",,,,,,"Age Category","50 to 59",594,3049,554,0,525,29,"0","94.8","5.2"
"202223","Academic year","National","E92000001","England",,,,,,"Age Category","50 to 59",493,2396,461,0,443,18,"0","96.1","3.9"
"202122","Academic year","National","E92000001","England",,,,,,"Age Category","60 and over",21,242,16,0,16,0,"0","100","0"
"202223","Academic year","National","E92000001","England",,,,,,"Age Category","60 and over",29,193,24,0,24,0,"0","100","0"
"202122","Academic year","National","E92000001","England",,,,,,"Age Category","Under 25",10107,295,10251,16,9811,424,"0.2","95.7","4.1"
"202223","Academic year","National","E92000001","England",,,,,,"Age Category","Under 25",9049,130,9169,1,8794,374,"0","95.9","4.1"
"202122","Academic year","National","E92000001","England",,,,,,"Age Category","Unknown",2086,1146,1,0,1,0,"0","100","0"
"202223","Academic year","National","E92000001","England",,,,,,"Age Category","Unknown",4799,876,0,0,0,0,"z","z","z"
"202122","Academic year","National","E92000001","England",,,,,,"Working pattern","Full time",23256,21625,22815,36,21826,953,"0.2","95.7","4.2"
"202223","Academic year","National","E92000001","England",,,,,,"Working pattern","Full time",20414,15421,20035,1,19238,796,"0","96","4"
"202122","Academic year","National","E92000001","England",,,,,,"Working pattern","Part time",1307,3942,1177,1,1137,39,"0.1","96.6","3.3"
"202223","Academic year","National","E92000001","England",,,,,,"Working pattern","Part time",1078,3071,954,0,929,25,"0","97.4","2.6"
"202122","Academic year","National","E92000001","England",,,,,,"Working pattern","Unknown",2085,1146,0,0,0,0,"z","z","z"
"202223","Academic year","National","E92000001","England",,,,,,"Working pattern","Unknown",4799,876,0,0,0,0,"z","z","z"
"202122","Academic year","National","E92000001","England",,,,,,"Appropriate body type","Independent Schools Teacher Induction Panel",61,0,35,0,33,2,"0","94.3","5.7"
"202223","Academic year","National","E92000001","England",,,,,,"Appropriate body type","Independent Schools Teacher Induction Panel",11,0,0,0,0,0,"z","z","z"
"202122","Academic year","National","E92000001","England",,,,,,"Appropriate body type","Local Authority",13243,9,12210,21,11456,733,"0.2","93.8","6"
"202223","Academic year","National","E92000001","England",,,,,,"Appropriate body type","Local Authority",10311,3,8641,1,8099,541,"0","93.7","6.3"
"202122","Academic year","National","E92000001","England",,,,,,"Appropriate body type","National Teacher Accreditation",865,0,827,1,739,87,"0.1","89.4","10.5"
"202223","Academic year","National","E92000001","England",,,,,,"Appropriate body type","National Teacher Accreditation",735,0,598,0,518,80,"0","86.6","13.4"
"202122","Academic year","National","E92000001","England",,,,,,"Appropriate body type","Teaching School Hub",12479,26704,10920,15,10735,170,"0.1","98.3","1.6"
"202223","Academic year","National","E92000001","England",,,,,,"Appropriate body type","Teaching School Hub",15234,19365,11750,0,11550,200,"0","98.3","1.7"
